,label,area,centroid-0,centroid-1,major_axis_length,minor_axis_length,orientation,perimeter,max_intensity-0,max_intensity-1,max_intensity-2,mean_intensity-0,mean_intensity-1,mean_intensity-2,min_intensity-0,min_intensity-1,min_intensity-2
0,1,1.6384600755283976,43.38169934640523,1309.247494553377,2.2838642126488877,1.1145694464306366,1.515263854282356,6.622802518334994,71.0,74.0,81.0,22.122875816993464,22.96949891067538,28.977777777777778,0.0,0.0,0.0
1,2,0.7896021104725088,80.79023508137432,445.92043399638334,1.9281610922641566,0.5908403420590197,0.25795502838209033,4.501363689187609,211.0,213.0,212.0,80.69258589511755,82.01989150090417,84.28028933092224,0.0,0.0,2.0
2,3,0.6803714387706156,211.85519412381953,1287.7418677859391,1.4353054916233772,0.7191283483917638,-0.2582687312365998,3.7753557568610496,68.0,69.0,71.0,19.193074501573978,19.86778593913956,21.35781741867786,0.0,0.0,0.0
3,4,0.7938856662255241,303.48201438848923,1784.8390287769785,1.4772094288087996,0.8073398235659105,0.18584184320006816,4.243338405975607,191.0,190.0,188.0,116.5998201438849,113.85881294964028,111.16007194244604,2.0,0.0,5.0
4,5,0.5911306939161277,314.1147342995169,1820.256038647343,1.2030632211002716,0.6725942559901039,1.3744672578881159,3.277642482720893,147.0,142.0,138.0,41.028985507246375,40.020531400966185,39.427536231884055,3.0,0.0,0.0
5,6,1.0587521969536442,699.9737019554956,1948.116655428186,2.004850110985009,0.735645227784852,0.3203082477507767,4.840333696696166,71.0,70.0,75.0,17.714093054619017,18.194200944032367,21.0472016183412,0.0,0.0,4.0
6,7,1.2429450943333071,1059.9259046524985,1976.0011487650775,1.9337763964337316,0.9234459932614342,0.7883853113961387,5.128089604933766,234.0,236.0,233.0,97.59735784032165,97.87306145893164,97.53302699597933,0.0,0.0,0.0
7,8,0.8067363334845704,161.9212389380531,10.45221238938053,1.5101210479039182,0.733661890549941,0.10702676777522599,3.8719523391607824,155.0,156.0,160.0,71.70176991150443,71.68849557522124,71.68141592920354,0.0,0.0,0.0
8,9,0.5475812104271377,256.12907431551497,880.219035202086,1.0131271091155385,0.70907857158122,-0.991419443464447,2.897087769764144,161.0,160.0,156.0,36.78748370273794,36.73011734028683,37.352020860495436,0.0,0.0,0.0
9,10,1.0244837509295208,264.65574912891987,1234.9212543554006,1.281781916851096,1.0920550287620534,0.17405242196664877,4.067370190360076,41.0,43.0,42.0,12.471080139372821,13.60766550522648,15.64459930313589,0.0,0.0,0.0
10,11,0.6175459543930562,571.678612716763,389.6277456647399,1.9131195560946443,0.538449155528314,1.4420056179461507,4.470059973181255,125.0,125.0,125.0,34.47630057803468,34.57456647398844,35.75606936416185,0.0,0.0,0.0
11,12,0.7796071470488062,1094.4862637362637,528.5723443223443,1.4851547372586034,0.7686305856616725,-0.47251541087545407,3.9486385381959126,202.0,198.0,195.0,65.86263736263736,65.14010989010988,63.99267399267399,0.0,0.0,0.0
12,13,0.979506415522859,1152.0860058309038,13.619533527696793,1.4923356593003276,0.9370443904114257,0.3076919791445842,4.189899620104823,218.0,217.0,217.0,115.06486880466473,113.83163265306122,115.00728862973762,0.0,0.0,0.0
13,14,0.31198564401128964,1279.5148741418764,150.94965675057207,1.2545353279500964,0.3219462610104259,-0.02215432800936904,2.7734459967194818,255.0,253.0,251.0,201.8421052631579,199.33180778032036,196.45766590389016,6.0,1.0,0.0
14,15,0.7374855154774879,1411.2497579864473,1447.6766698935141,2.1404008219088695,0.5236885173897594,0.5246816436825879,4.838760605715412,149.0,144.0,138.0,36.26718296224588,35.512100677637946,33.93223620522749,0.0,0.0,0.0
15,16,1.0116330836704746,1414.091743119266,1050.4304869442485,2.4395152928084705,0.6004091432029515,-0.7206008026452269,5.457430218619561,181.0,177.0,168.0,67.25194071983063,66.45236414961185,64.80875088214538,5.0,5.0,5.0
16,17,0.8017388517727191,1490.2680320569903,376.4194122885129,1.8820863607712566,0.5604492390889544,-1.5537519711135754,4.220090992811262,139.0,139.0,139.0,63.842386464826355,63.70080142475512,63.34995547640249,1.0,0.0,0.0
17,18,0.4454897983136035,1492.3798076923076,26.822115384615383,1.375674757184511,0.4751805973775819,-1.433306621803125,3.369654741949663,78.0,77.0,75.0,53.708333333333336,52.82532051282051,52.37339743589744,9.0,9.0,11.0
18,19,2.3816569986765725,18.123800959232614,179.02188249400479,2.6076397286794446,1.2385027676236913,1.5204038299490112,6.709118111192887,173.0,175.0,182.0,64.83483213429257,64.86750599520384,65.87949640287769,0.0,0.0,2.0
19,20,4.342097681639962,25.25863202893785,296.1290693850707,3.6690254566874008,1.575449707530054,1.4007933112293687,9.079874325091188,188.0,192.0,195.0,97.99457415323907,98.69319302860902,101.09289707333114,1.0,0.0,0.0
20,21,0.45834046557264974,8.190031152647975,364.5342679127726,1.0724043542262642,0.5832898759128874,-1.50364539742511,2.8306825601708514,55.0,54.0,52.0,26.752336448598133,25.822429906542055,25.074766355140188,0.0,0.0,0.0
21,22,3.2683530395507643,17.625819134993446,621.8444735692442,3.724921434196751,1.259080020189326,-1.5483668106781705,9.07718889081052,154.0,155.0,160.0,80.15028396679773,81.11664482306684,86.74268239405855,0.0,0.0,0.0
22,23,2.208172990679448,21.41577756223731,721.7946977044941,2.219788179493535,1.3338025033686212,-1.2621166401847752,6.054886257020958,255.0,255.0,255.0,106.30035564177174,106.83963789201422,106.66408018105399,0.0,0.0,2.0
23,24,1.7312704501770648,17.16659793814433,803.1859793814433,2.0534625817550656,1.114176670370382,1.4875171793692923,5.444924542577893,228.0,229.0,224.0,96.74185567010309,95.02927835051547,92.13030927835051,1.0,0.0,0.0
24,25,14.529107188269464,46.21595990369023,1155.8715542233797,6.2745802807854565,3.1594600777663624,-1.5469756646911008,16.49666307632679,255.0,255.0,255.0,115.42214141811213,114.2929585769741,112.45462139452607,0.0,0.0,2.0
25,26,1.0144887875058182,13.339901477832512,1331.1294862772695,1.5737437257311733,0.8661963594179843,-1.3381678700105215,4.176933196382315,113.0,117.0,128.0,56.23856439127375,58.99929627023223,64.4201266713582,0.0,0.0,2.0
26,27,3.6638680207458543,41.17439594699922,1385.1422447388932,2.6155090680367814,1.8357435034166931,-0.4867920131564084,7.597667087731631,168.0,171.0,176.0,64.62509742790336,68.60366328916602,76.12646141855028,0.0,0.0,0.0
27,28,4.566984358673272,26.809441925902767,1632.47022041582,3.678179167972392,1.7091578104978464,-1.3811906615038374,9.4501480486061,255.0,255.0,253.0,149.19634203532905,146.3690792559012,144.176488979209,0.0,0.0,2.0
28,29,0.48618357796725,11.747430249632894,1292.6064610866374,0.8925256301189627,0.7139632538917213,-1.089788933542272,2.70435535284552,34.0,39.0,42.0,12.22907488986784,15.095447870778267,21.324522760646108,0.0,0.0,5.0
29,30,3.349026672899221,24.360477510125772,1946.200383713494,2.9436144217132494,1.5595343496627716,1.5446973901890961,8.11038062425589,205.0,206.0,205.0,96.53997015561714,98.13088893626093,100.14026859944575,0.0,0.0,0.0
30,31,4.704772068728601,38.582852807283764,1730.5238239757207,3.107296643545828,1.975896849086001,-1.0080086439230977,8.946603158223764,245.0,249.0,252.0,121.40500758725341,124.92837632776934,131.23945371775417,0.0,0.0,2.0
31,32,10.037798981232797,70.69082503556187,513.6379800853485,4.105621613690978,3.1468076008843084,0.04667775675833747,12.182660935496465,255.0,255.0,255.0,116.80113798008534,118.92645803698436,120.96934566145093,0.0,0.0,0.0
32,33,8.00025429471513,48.439139746564344,1845.4127253257184,3.5022670424786777,2.9605113756410226,1.2875467311152742,10.873084883852695,255.0,255.0,251.0,160.42976976619667,161.35837943958595,161.97769052293415,0.0,0.0,0.0
33,34,10.12775365204612,123.88227830255181,66.22078105174116,5.223891399108315,2.5468144121185423,0.8030513337141281,13.944107030570775,226.0,228.0,227.0,118.71965317919076,120.14655293951783,123.32285351755252,0.0,0.0,0.0
34,35,1.9375950522806409,74.5313190862196,301.25165806927043,2.3263575334987836,1.1397950717969874,1.0937973476198637,6.3258779639554685,187.0,185.0,186.0,71.31392778187178,69.7955047899779,69.52873986735446,0.0,0.0,0.0
35,36,0.8588529284795914,61.3549459684123,580.2876142975894,1.4488564192849975,0.8483486963469813,-0.46869654716487114,3.9744084867361593,160.0,161.0,166.0,29.270157938487117,29.033250207813797,32.21197007481297,0.0,0.0,4.0
36,37,8.880525001959798,56.84291341747729,1517.7368759546587,3.7472118911409895,3.082393317801003,-1.2661072906710034,11.697914085078814,255.0,255.0,253.0,143.8411447865584,144.8135702226867,145.1814454538146,0.0,0.0,5.0
37,38,4.8975320776142945,75.88454810495627,765.2332361516035,2.953743627122827,2.1995959642884433,1.365816548296038,8.983277742791458,228.0,227.0,225.0,126.23498542274052,125.60043731778426,125.70451895043732,0.0,0.0,0.0
38,39,1.428565843630642,60.624687656171915,117.3088455772114,2.5450566717041445,0.7872456868095382,-0.49578977846467986,5.817422952692635,200.0,193.0,185.0,55.091454272863565,52.0119940029985,52.328835582208896,0.0,0.0,0.0
39,40,4.417773833276568,99.23755656108597,1270.5484809308339,2.9843402654136506,1.8962191901944028,-0.5652069516022277,8.13696506731998,247.0,243.0,234.0,113.50759534583064,113.11748545572075,111.76712992889463,0.0,1.0,3.0
40,41,5.53435403289592,87.40647574819401,964.3351393188855,3.730174844832888,1.9807438571701341,-1.5034829003654584,9.843208437604517,255.0,255.0,255.0,172.9455624355005,174.97278121775025,174.35706914344686,0.0,0.0,2.0
41,42,10.272680621689808,106.5140732503996,200.9535756480645,4.339521817696281,3.096385494314349,-1.4123177218186904,12.706307057081638,255.0,255.0,255.0,142.25700187643338,144.6549447494614,147.07019250816597,0.0,0.0,0.0
42,43,8.173024376753418,108.76633473095737,1947.3800663871418,3.8452414980621383,2.7682345005056015,-0.47048726956356485,11.45554065986999,255.0,255.0,255.0,151.06656184486374,152.85796645702305,155.11879804332634,1.0,0.0,0.0
43,44,1.4157151763715958,103.38930912758447,423.2748361069087,1.6265364302779348,1.2241172253185348,-0.12017240607646852,5.157820229959367,75.0,79.0,82.0,24.25264750378215,25.826021180030256,29.282400403429147,0.0,0.0,0.0
44,45,10.165591727864424,143.07268768874218,1803.9501369478194,5.151485999360944,2.557414625281382,1.0107281213724502,13.43833745358861,255.0,255.0,255.0,163.7519488728141,165.73347847461199,166.6798230212796,0.0,0.0,0.0
45,46,18.892622648674504,142.68019498923024,639.4256131202055,5.995864743537963,4.098225125786971,-0.07303289745964789,17.18016480784348,255.0,255.0,255.0,151.64319993953822,153.43143256622454,154.55050447795034,0.0,0.0,0.0
46,47,4.35994583061086,136.10840019649584,1455.1146225642706,2.7362919904208463,2.161400143861687,-1.2914930618233889,8.709139853895438,255.0,255.0,253.0,107.48943834943508,110.17979367938432,111.1496643196332,0.0,0.0,0.0
47,48,2.822149315278325,131.1763217809259,307.6154819124715,2.1273560108422043,1.698555143494549,0.6704576874219561,6.311338449252206,255.0,255.0,250.0,132.71388818618772,129.6134581330635,125.07235011383759,1.0,0.0,0.0
48,49,4.369226868075727,140.9578431372549,770.434477124183,3.8471025038171134,1.483777922236647,1.2336669834630434,9.774117793730554,255.0,255.0,255.0,75.39787581699346,75.8923202614379,76.41601307189542,0.0,0.0,0.0
49,50,6.593820155808401,157.4650281507146,1081.160567345171,3.3420745749392506,2.688358563862363,0.12099386105898233,10.721476424701425,255.0,253.0,248.0,139.8086834127328,137.31117366825467,133.0873754872239,0.0,0.0,0.0
50,51,22.637164302768813,163.22868045919012,1623.341459568563,6.5239974897285276,4.520920635671345,-1.1131742907853854,18.798058746608525,255.0,255.0,255.0,178.10845843320297,181.90412514192002,184.44714267692697,20.0,21.0,26.0
51,52,8.859107223194721,150.6109275525828,1340.9903295994843,3.8860141833134856,3.3508425301456675,0.735649396470136,13.961983575173784,234.0,235.0,231.0,128.70988798452737,130.5006849867032,132.07970021758402,0.0,0.0,1.0
52,53,1.3978670274006981,162.72727272727272,364.3161389172625,1.8907261088062377,1.0034168016173342,-0.24121276002116038,5.052515749198551,255.0,255.0,255.0,127.60163432073544,126.09141981613892,121.86567926455567,0.0,0.0,0.0
53,54,2.458047076272014,165.36392680801626,523.144060412431,2.3601468881170753,1.5629613798398785,1.2255108827993926,7.1782131036073595,188.0,188.0,186.0,46.554748765611386,45.243101945977344,42.42317746151612,0.0,0.0,0.0
54,55,13.174789644357755,188.8224775116506,1195.1120082366967,4.411232293088604,3.8848123005007444,1.1071862003142958,14.137300195170237,255.0,255.0,246.0,144.6847837867129,145.93930855099165,145.13194971279938,1.0,3.0,2.0
55,56,6.728752162028386,200.64859416445623,293.7898143236074,3.463806508090458,2.5468388692197563,1.1087941719996,10.303134783877065,254.0,255.0,255.0,133.95193633952255,135.40997347480106,134.84785145888594,0.0,0.0,0.0
56,57,16.607345654440778,218.02024761413463,968.047459375806,5.771766555159943,3.8556609517941567,-0.3255625296877456,17.414481930210293,255.0,255.0,254.0,189.96294385693406,189.15613446823144,185.36471498581378,2.0,2.0,2.0
57,58,2.7564681270654217,199.89743589743588,1466.2574462574462,1.9233919309414194,1.8853215262669918,-1.4240351870754595,6.535374582177185,250.0,247.0,238.0,105.7018907018907,105.95415695415696,105.78321678321679,0.0,0.0,0.0
58,59,4.434194130329794,203.97971341168895,199.01658348092096,2.5809390136216237,2.271520183216798,1.1954094985005428,8.3862824520709,237.0,236.0,235.0,115.79890516824987,116.27386894219933,115.94236032844952,0.0,0.0,0.0
59,60,10.649633527955165,219.62492458269088,428.9949721793926,4.05220337786876,3.493258230699535,-0.5156521216449752,13.213188977363718,255.0,255.0,250.0,110.17523630756854,111.24958101494938,111.93718576121204,0.0,0.0,0.0
60,61,14.71258615969029,249.50436723602485,763.843216226708,5.777397910301776,3.284438386596602,-1.0634265069149156,15.399920672804479,255.0,255.0,255.0,191.04328416149067,191.97801824534162,188.65236801242236,1.0,2.0,2.0
61,62,0.905972041762761,237.54925137903862,1306.6256895193064,1.195476312098237,1.0057855878801498,-0.7715246124986589,3.6970964668451645,233.0,232.0,224.0,147.94720252167062,146.36170212765958,142.21197793538218,0.0,0.0,0.0
62,63,10.928064651901169,265.55379891552883,1375.139609329065,4.41229556413827,3.1904336749260085,-0.5639203143801362,12.841342162868052,255.0,255.0,255.0,148.53700921147188,153.02587051675704,156.42294375122492,19.0,17.0,12.0
63,64,10.598944784877817,258.0299744038798,556.1671157214064,4.745450806106889,2.855316396083122,1.1685705395094492,12.716588046523475,255.0,255.0,255.0,165.65344200458037,167.7735416947326,166.29038124747407,0.0,0.0,1.0
64,65,6.670924159362678,225.59877996575344,1964.8485659246576,4.141482017077572,2.146652626273664,-0.20598601977997402,10.968108375171672,255.0,255.0,253.0,189.15892551369862,187.0845462328767,180.11536815068493,25.0,24.0,19.0
65,66,7.5026479014065055,252.79655533352366,1839.1190408221523,3.5749474131913113,2.6935843036426137,-1.448127704129191,10.534766471963213,254.0,255.0,255.0,143.20106575316396,143.96631458749644,144.20430107526883,1.0,0.0,0.0
66,67,2.865698798767315,261.722471350274,1059.6417538614849,2.1889984204574566,1.8405715834158214,-1.2788984639153105,7.056796017162528,119.0,123.0,124.0,50.276781265570506,51.39162929745889,52.63203786746388,0.0,0.0,0.0
67,68,0.5582900998096761,279.05882352941177,656.611253196931,0.9410086933058088,0.7652694391329522,0.10590779628477047,2.7551087044356355,173.0,174.0,169.0,63.92455242966752,64.11253196930946,63.35294117647059,0.0,0.0,0.0
68,69,3.5889057950680847,289.97354286851004,1129.1712751143823,3.455176053165626,1.3548076373038207,0.386271692618897,8.745814438463132,255.0,255.0,253.0,118.36124925402825,118.2868510045753,116.47881440222797,0.0,0.0,0.0
69,70,5.094575642253004,308.34417040358744,342.79021860986546,4.014471268769629,1.8187623033314557,0.0609089491728006,10.342494802725428,246.0,248.0,247.0,155.30128923766816,157.37009529147983,155.58828475336324,0.0,0.0,0.0
70,71,16.325344900700596,270.8877858923339,99.04626754712031,6.315824239788296,3.357603135784787,1.2621314059543887,16.974926714883185,255.0,255.0,253.0,138.0245331700704,137.4375300651594,135.959898543753,0.0,0.0,0.0
71,72,5.050312232805179,287.58722080859485,261.1071529544812,2.87117497255546,2.2713668269344702,0.41995680445821904,8.598464504573286,255.0,255.0,255.0,160.32895108849308,160.01159174441617,155.25431156347187,0.0,0.0,0.0
72,73,10.59680300700131,296.1401333962137,1503.0503941251768,4.02240597185828,3.486254518820025,0.3157030511345061,12.987119005777148,255.0,255.0,255.0,154.6653641447147,155.66239978441016,154.21208650542343,0.0,0.0,0.0
73,74,13.973672792295131,315.18086139069123,1706.51484187401,4.86789261798347,3.6984816729285988,0.13089078638263746,14.341425944830617,255.0,255.0,255.0,193.09390486895214,192.09564195575538,188.8390640167578,38.0,35.0,30.0
74,75,3.489670086789894,297.2375204582651,1198.3447217675941,2.759937132992885,1.7431503338947518,1.1107496970700677,8.333956009500028,210.0,208.0,206.0,101.95069558101473,101.4306464811784,100.4490589198036,0.0,0.0,0.0
75,76,2.7800276837070066,308.97354904982024,881.1425269645608,2.203295758501745,1.8280369604752373,0.03806554852801384,7.354181319222892,239.0,238.0,233.0,120.21931176168464,119.987416538264,118.51643554185927,0.0,0.0,0.0
76,77,4.06366655769396,335.9715390021082,397.2542164441321,2.9235441783538616,1.9660081822485063,-0.30567495411834966,8.980592308510786,254.0,255.0,255.0,174.7856640899508,179.46872803935346,179.11911454673225,12.0,8.0,7.0
77,78,2.6458096034458567,320.51538046411224,822.892606583918,2.2414776590579435,1.5504920904456816,-0.5788402079625237,6.407935031551937,228.0,225.0,220.0,83.01106314085267,83.89638424177011,85.5035078251484,0.0,0.0,0.0
78,79,3.688141503346275,341.4092140921409,681.7276422764228,3.0116048719339235,1.6821272308604813,1.10275360917021,8.103436664713797,246.0,250.0,249.0,106.59330236159505,110.64595431668603,113.1910569105691,1.0,3.0,2.0
79,80,0.883840337038848,334.53392568659126,301.4693053311793,1.5504366474577613,1.0844835592181168,-1.2141415228614556,5.227534520418938,218.0,217.0,213.0,49.359450726979,49.86348949919225,50.766558966074314,0.0,0.0,0.0
80,81,9.62086622127263,348.03725140991395,1068.0292371623627,4.437120298182919,2.785565405692248,1.114605883113184,12.29287553713778,254.0,255.0,249.0,158.56062629860492,157.1138319976254,152.51424755120215,0.0,0.0,0.0
81,82,8.652782621091145,384.98283828382836,1968.9139438943894,6.167784777480483,2.0854675881594615,0.0877904909742202,14.518315655807827,255.0,254.0,255.0,172.07409240924093,171.88465346534653,171.44364686468646,5.0,8.0,13.0
82,83,2.3995051476474702,349.7244867598929,1801.1746504016662,2.0853551071594367,1.4929420307253958,-1.4415578420280777,5.9636605432825665,255.0,255.0,244.0,159.97322225528117,155.6614102945552,147.04760487950014,0.0,1.0,0.0
83,84,11.195786886464631,359.719168473409,505.08512944777453,4.87135292578166,2.975720300832468,1.560205487704547,13.60245158878155,255.0,255.0,255.0,166.13843897462058,169.84778727203164,168.72554521107003,0.0,0.0,0.0
84,85,3.5039486059666123,380.61022819885903,214.39282803585982,3.3080550767039227,1.4459581793900342,-0.3422336028563928,8.311820939635599,246.0,241.0,241.0,113.89079054604727,112.08374083129584,109.4655664221679,0.0,0.0,0.0
85,86,19.526588900120785,427.53325289751746,957.7199005520822,6.185409399696354,4.200289737545655,1.0407284273132897,17.820969490612054,255.0,255.0,255.0,152.78874629812438,155.9454133304084,156.75558480494314,0.0,0.0,0.0
86,87,14.41487903485572,426.94477737605865,1283.8191273339608,5.940334068521491,3.1260162435056276,-0.2344860255509194,15.353425846475787,255.0,255.0,251.0,180.46010598781635,176.7035808033282,165.4429201129216,1.0,0.0,0.0
87,88,7.893165400889744,406.49873371924747,1555.940484804631,4.114553214410035,2.526292147327252,-1.1458965838067228,11.521485121782442,255.0,255.0,255.0,150.69835383502172,150.63522069464545,146.70703690303907,0.0,0.0,0.0
88,89,17.569717846951573,465.5905323039415,274.0045103616416,6.617923401721754,3.4030560695285232,-0.13859723440899588,17.045129702057064,255.0,255.0,255.0,169.05574969524582,168.5072734660707,164.40577001219017,2.0,0.0,0.0
89,90,1.3114819863815539,409.86390854654326,594.0348394120849,1.3746908300291938,1.2729266107556225,-0.342485204870552,4.4436663780554,139.0,141.0,138.0,49.85900925421883,52.819270549809474,54.70059880239521,0.0,0.0,0.0
90,91,20.65673369295802,444.2371604340914,808.218704638142,7.517466434793783,3.784453648455003,0.727058930451968,21.392851093431805,252.0,255.0,255.0,107.33203152001106,112.17522637727241,114.20512200179719,0.0,0.0,0.0
91,92,2.5944069344096716,427.4744083654375,1428.6194276279582,2.413939239296793,1.402385861983608,1.512102803707454,6.500273088590246,248.0,245.0,236.0,116.44606494221244,117.8359933957072,117.16758392955421,0.0,0.0,0.0
92,93,6.61666578649115,426.18418213206735,1719.8705222270178,5.01235996012055,1.9572073146862226,-1.4667271166221423,12.664261603952605,207.0,207.0,205.0,89.53798014674148,91.63023305999137,94.57175226586102,0.0,0.0,0.0
93,94,14.201415173163783,431.10295596219584,1873.738638648703,4.511101009030416,4.022379090925144,-0.31080086057747536,14.121187589486224,255.0,255.0,252.0,158.25648501910317,155.0038206314096,148.9687814196662,5.0,0.0,0.0
94,95,1.1144384217428447,426.67136450992956,1096.8878923766815,1.2782884484726786,1.1414237010987371,-1.4141131966457923,4.1013593406470985,41.0,37.0,36.0,11.648942985265855,11.625880845611787,12.311979500320307,0.0,0.0,0.0
95,96,1.8347897142082708,558.6151750972763,26.962645914396887,1.729467972637578,1.391932344241675,-1.4895045791381456,5.287293619246208,191.0,187.0,176.0,97.01673151750973,94.21439688715954,89.01128404669261,0.0,0.0,0.0
96,97,26.662278858685635,447.8397150966636,94.58027633481497,6.449584178177237,5.375187979838719,0.24990696263160525,20.104106920414313,255.0,255.0,255.0,180.9935736089541,182.1935950302576,180.67892143736947,0.0,0.0,0.0
97,98,5.01675771273989,432.6436601679237,413.86921872776435,3.1019453877287253,2.069475463280044,0.8284159659620934,8.685892440731093,253.0,254.0,249.0,123.86978796072293,124.26910488117262,120.00782695318058,0.0,0.0,0.0
98,99,11.282171927483777,419.14193507561856,1182.1941403530975,5.108600642901439,2.8881358210461947,-0.25752621597990627,13.59754146790105,255.0,255.0,249.0,139.10327153072203,138.19616528507245,133.52749477947225,5.0,0.0,0.0
99,100,16.68873321374807,510.68142539356603,567.5909052019165,6.191371293932327,3.4737815214236805,0.4967583586285481,16.548719619155055,255.0,255.0,255.0,150.78234086242298,150.73074948665297,146.30779431895962,0.0,0.0,1.0
100,101,7.711114281386589,492.1426719748171,1376.6270715674475,4.399118348856431,2.545471278790324,-1.1663963364084748,12.616193686643157,255.0,255.0,251.0,131.37820572169244,131.74113508008517,130.11323025645774,0.0,0.0,0.0
101,102,1.9725774242636,484.7643865363735,1493.6141874773796,1.6294112665803997,1.5472435450307431,0.04300510680538037,5.234967176675338,255.0,255.0,249.0,161.5841476655809,159.05175533840028,155.42200506695622,2.0,2.0,2.0
102,103,6.72803823606955,492.0314091680815,1588.2085101867572,3.1873388198498316,2.7183632131190567,-0.9558500545562855,9.888590920633295,254.0,254.0,249.0,137.1065365025467,135.21339134125637,128.9562818336163,1.0,0.0,0.0
103,104,0.9616582665519614,496.54046028210837,702.1046770601337,1.428904578152807,0.8978815675659134,-1.54222099427054,4.015043747789206,219.0,214.0,203.0,115.74313288789904,110.97995545657015,103.93021529324425,0.0,0.0,0.0
104,105,19.184618365838386,548.1073608216731,1715.3058201845788,5.508244307596498,4.777396152007084,-1.0155671162925546,18.37258229830384,255.0,255.0,255.0,183.95028282226852,183.82766448347724,181.20731616552544,0.0,0.0,0.0
105,106,8.61708632314935,521.9402651201326,1060.094366197183,4.797734693308731,2.315141381670169,-1.0582926240874262,12.217301681402565,255.0,255.0,251.0,141.55923777961888,140.76810273405135,137.502734051367,0.0,0.0,0.0
106,107,1.5028141433495759,519.1581947743468,665.2788598574822,1.4951564596432225,1.4336676686708074,0.3349924666819191,5.185326168385136,251.0,250.0,247.0,133.0356294536817,131.7040380047506,126.13444180522565,0.0,0.0,0.0
107,108,8.377207200980486,528.9083858871655,434.0892278847793,4.238938488309376,2.533678745698026,1.3257952991196484,11.523058212763198,255.0,255.0,255.0,146.8552070905062,150.12016362706663,151.76538264871314,2.0,0.0,0.0
108,109,22.243077173491397,590.6188214148158,740.4170946206189,6.22078523283611,4.647992374258278,-1.2195897134670932,18.485482334225825,255.0,255.0,255.0,169.3395493644884,167.75337013737322,161.33784824752857,0.0,0.0,0.0
109,110,13.90228019641154,581.169568119961,1936.8493298413186,4.854096562866479,3.6662125971502113,0.06439558356678914,14.145356498012248,255.0,255.0,253.0,198.06018589842347,197.80295794176553,197.20998305345864,0.0,0.0,4.0
110,111,3.99227396181037,581.6439556509299,1846.0979971387696,3.2037782969047264,1.843458243977403,-0.06132210643788609,9.053480729965335,255.0,254.0,240.0,156.38251072961373,150.06062231759657,140.75965665236052,2.0,0.0,3.0
111,112,7.536202421471793,580.7858090185676,1385.2724516862447,3.2587696967597566,2.9786388098621734,1.3985626956909585,10.537451906243884,254.0,255.0,255.0,164.16388783630163,165.96447517999243,164.7887457370216,0.0,0.0,0.0
112,113,3.1719730351079174,608.5489534098582,865.2399279765924,3.2333978224067152,1.6593217722624285,-0.3000334499138026,9.120998282858542,250.0,253.0,254.0,115.5050641458474,116.11073598919648,113.68309700652712,0.0,0.0,0.0
113,114,4.317824199039542,604.0753968253969,202.8549933862434,2.9375852136483522,1.978571989554397,-1.4711436557875912,8.630880563879552,246.0,251.0,251.0,159.4375,160.4710648148148,159.62549603174602,7.0,0.0,0.0
114,115,19.765754096330813,626.8396662573142,1490.851079968215,6.639612683327057,4.113209534827243,-1.041483661240954,19.333368100678054,255.0,255.0,255.0,191.09134580654484,191.8900888535722,188.68077728816007,0.0,0.0,0.0
115,116,2.7093490137822522,590.6184453227931,1610.65744400527,2.9045789103539623,1.2259317604077415,-0.06291978482763189,7.205719042033128,255.0,255.0,250.0,100.45797101449276,99.899604743083,94.34756258234519,1.0,0.0,0.0
116,117,26.16324461345934,612.0971430130706,1199.9353562365268,6.099492713706312,5.58076222884914,-1.191822588396937,19.87109298928565,255.0,255.0,248.0,155.7255437007122,157.60932682074932,155.7071520179005,0.0,0.0,0.0
117,118,1.2036791665973325,627.0130486358245,1325.6607354685646,1.531265526064938,1.1477721247691697,-1.1273026691165,4.804771455428389,134.0,140.0,138.0,47.42467378410439,49.08540925266904,49.63760379596678,0.0,0.0,0.0
118,119,9.108981308787287,654.4205658750686,119.1848107218434,4.452377232668523,2.6158549318174806,1.020726462497109,12.002434194619507,253.0,245.0,232.0,140.63249470961674,136.82608354886747,130.4516027901873,4.0,0.0,0.0
119,120,1.0851674574305727,645.3296052631579,610.125,1.5885880345208494,0.8908195589924252,0.9197433065487933,4.2601026072787,249.0,250.0,245.0,114.98618421052632,116.29736842105264,115.84276315789474,0.0,0.0,0.0
120,121,8.567825431989673,659.9418381801516,1760.346637780185,4.242196432676465,2.714994420286618,-1.0798032791949912,12.497001286798158,255.0,255.0,255.0,124.97691859011749,124.9216731939005,123.71469044246312,0.0,0.0,0.0
121,122,20.444697683183755,664.0149806194783,423.51663931277716,6.548912596957556,4.337683834142133,-1.5610689735895658,19.223805094655813,255.0,255.0,255.0,146.78077312567657,150.01536473792646,152.0105807172539,0.0,0.0,0.0
122,123,27.621081421402252,680.220372715759,982.5116182894362,6.78793397780928,5.381709145315835,-0.6576592140236761,20.82002471123727,255.0,255.0,255.0,149.37250898188117,149.91687559771512,150.03194706505724,0.0,0.0,0.0
123,124,4.540569098196343,689.4833333333333,1329.7122641509434,3.0415622664722584,1.987084278446268,0.7831716845445087,8.646532421882732,218.0,224.0,224.0,111.85974842767295,115.85345911949686,116.67405660377358,0.0,1.0,0.0
124,125,11.931130624065611,686.4366921972236,259.2260651029201,4.173405622286582,3.8171319811790627,-0.2932945997714177,13.748037583752408,255.0,255.0,250.0,168.65228578267113,161.35208233604595,155.23276687410245,2.0,0.0,0.0
125,126,6.4081994065110655,740.5954768270944,598.3501559714795,4.938966595478027,1.68594156971413,0.2220395657422956,11.550564151188969,255.0,255.0,251.0,166.8634135472371,165.8448083778966,159.94875222816398,5.0,7.0,6.0
126,127,0.8859821149153557,695.2908944399678,1543.2949234488317,1.4393312482613714,0.8606898109774359,-1.1063613075075946,4.067370190360075,207.0,204.0,199.0,43.04995970991136,43.64383561643836,43.12812248186946,0.0,0.0,0.0
127,128,10.470438112287354,710.3265375698895,1866.9183144688395,3.9992028437142912,3.4796377514343932,1.338552296774858,13.31960580142445,255.0,255.0,251.0,156.9036547115778,157.01602345561162,155.42506477567161,2.0,3.0,5.0
128,129,1.8562074929733479,688.2996153846154,1981.3819230769232,2.0921067105449875,1.245247105307987,-0.08524444251927163,5.997649693569589,255.0,255.0,253.0,104.45692307692308,102.91538461538461,97.41153846153846,4.0,3.0,0.0
129,130,11.459939491233916,729.0308372788437,814.7040244206329,4.518724244912352,3.2922802575005923,-1.3215482882923228,13.424258686566189,255.0,255.0,251.0,143.86288312982805,144.92623972090706,141.876837777224,0.0,0.0,0.0
130,131,8.129474893264428,718.4967945903223,679.8311232106788,3.7152921930070666,2.8962501645972227,0.8631186969095425,11.680526237190115,255.0,255.0,254.0,152.24159128831124,152.11460437340827,148.85105822429085,0.0,0.0,0.0
131,132,1.0580382709948084,720.0188933873144,1394.9156545209178,1.450671302579966,0.9985416963464777,-1.1705610291630986,4.354013755297762,203.0,200.0,195.0,37.38731443994602,37.855600539811064,35.72267206477733,0.0,0.0,0.0
132,133,3.049891696146978,735.4016853932584,529.7008426966293,2.8172880762162693,1.4483267511720288,-0.6421145385876221,7.81901778637594,219.0,221.0,218.0,93.71676029962546,94.7432116104869,93.54564606741573,0.0,0.0,0.0
133,134,13.264744315171079,731.9668998923573,1641.9843379978472,4.441232229702201,3.8622102381943324,1.0143675984268217,14.479607232578541,255.0,251.0,248.0,169.0797093649085,168.7578040904198,165.29413347685684,6.0,2.0,0.0
134,135,3.931590255309318,731.2398765207918,1092.326856727801,3.0463042589643394,1.7179152869775174,-0.5737595677815899,8.260606840364643,205.0,209.0,212.0,81.76448156891229,84.50826221173052,86.75449428000726,0.0,0.0,1.0
135,136,4.75546081180595,786.6653655607266,1933.437021468248,2.9764076615002013,2.2103359898196464,-0.724012874798525,9.019491579678311,255.0,255.0,249.0,142.88710403843268,141.01846569584146,136.1706950908272,0.0,2.0,0.0
136,137,12.389471089638262,764.7472052552725,1487.8867696208367,4.967120923046517,3.1834343117697843,1.5553194208267502,13.634216052468744,255.0,255.0,253.0,182.2812608044255,182.18162959548232,178.90417194883025,4.0,1.0,0.0
137,138,17.54116080859814,781.6455433455434,1244.0771265771266,6.080712555534253,3.7266003414219995,-1.3222996886130334,17.587764711545155,255.0,250.0,237.0,153.06385836385837,153.37150997150997,151.61851851851853,0.0,0.0,0.0
138,139,27.02423931981544,843.6886904604655,86.32203524159247,7.284081304956755,4.960327659272991,-0.08107443029556714,21.891295014995407,255.0,255.0,252.0,143.3418487306158,143.92819591577947,141.6537658838137,1.0,0.0,0.0
139,140,6.852975278865833,816.2938847796645,1018.3213876445463,3.950867089633064,2.3013970637853323,-1.385411408923326,10.7371282827046,251.0,244.0,236.0,136.65579747890405,136.8994686946557,135.0672986769455,0.0,0.0,0.0
140,141,3.5167992732256583,812.973203410475,1381.6784409257004,2.2423903439597823,2.0748214902687288,1.1547217271056271,7.678151064347347,244.0,240.0,229.0,121.72025984571661,117.51360129922858,111.86215996751929,0.0,0.0,0.0
141,142,5.535067958854756,820.3359989681413,674.9220946730298,2.845132518355975,2.5522924677443055,-0.17185281570801528,9.31307910415809,252.0,255.0,255.0,114.3541854765897,118.86005417257836,121.85360505610731,0.0,1.0,3.0
142,143,5.725686189863943,836.4113466334164,888.923940149626,3.554429872050408,2.1780126174302654,0.8381329535743524,10.25951623976728,251.0,248.0,243.0,116.20860349127182,117.22705735660848,116.60897755610972,0.0,0.0,0.0
143,144,7.360576635598161,828.3035887487875,493.6395732298739,4.26742253525676,2.517607292505485,1.0303606964030716,12.896354039719592,255.0,255.0,255.0,141.46537342386034,144.9835111542192,144.64219204655674,0.0,0.0,0.0
144,145,5.929869014091011,823.5431013725018,770.2406693956176,3.384121437529364,2.437553620758938,-1.1815378303972806,10.382506417192866,255.0,241.0,222.0,111.58271129304117,105.24139176498916,97.29147604141585,0.0,0.0,0.0
145,146,9.121831976046334,889.5382327619942,1929.6375518509822,4.079184714912823,3.135403208048901,0.10630360480834648,12.976186420716232,255.0,255.0,243.0,175.7188698442514,168.5358847929874,156.88518431556705,13.0,13.0,13.0
146,147,27.288391924584722,852.3153336996049,1785.598906417602,6.965786037189318,5.106194636023167,0.4676746114652707,20.563111771325186,255.0,255.0,255.0,189.04486827302932,189.723648065301,187.83831724354445,29.0,30.0,33.0
147,148,2.130355061166335,824.5971849865952,415.7955764075067,3.487062215673199,1.0736588446596982,0.10264847473194212,8.049997878843012,251.0,255.0,254.0,97.38170241286863,100.08914209115281,101.04959785522789,0.0,0.0,0.0
148,149,6.002689461892273,865.8330161750714,1107.3559705042817,3.5860595450532924,2.1934455017191166,-1.1696536995223639,10.01112035037804,255.0,255.0,255.0,199.10026165556613,196.57457183634634,187.86691246431968,1.0,1.0,1.0
149,150,0.5804218045335892,915.5867158671587,1051.5498154981549,1.1105692861761156,0.7113565366373231,-1.2199958274341596,3.086022409102184,170.0,169.0,165.0,64.66912669126691,64.51168511685117,61.760147601476014,2.0,2.0,0.0
150,151,4.53414376456682,862.6206896551724,1321.9971658006614,2.8669956923649065,2.1780059347093625,1.3672921470710513,9.085436041590764,255.0,255.0,250.0,174.389230042513,172.09400094473312,164.9516611557235,0.0,0.0,0.0
151,152,24.099998592423578,916.8074177207691,1489.4404419824036,7.1165397848566965,4.526986739695144,-1.2406037851612068,20.240580167310185,255.0,255.0,250.0,184.70026957371803,181.90322007287378,174.95423171490359,26.0,17.0,10.0
152,153,5.240930463814364,894.9558643236617,845.9782046042774,3.0436922123360435,2.2398938054255453,0.7323129771335555,8.974760692268609,255.0,253.0,251.0,166.36548154202424,166.7505789401989,164.14357716932298,0.0,0.0,0.0
153,154,9.663701778802784,915.2758569739952,967.8173020094563,4.202533107563622,2.943831191341668,-0.9138213130851109,11.998636417038925,255.0,255.0,253.0,188.59537529550826,187.48160460992906,182.24512411347519,0.0,0.0,0.0
154,155,7.7753676176818205,923.3741621522358,452.26278578642916,3.8511804168798682,2.621418769411008,-0.6536516351423489,11.055075563648641,255.0,255.0,251.0,136.5269488568543,137.49591405747864,136.68111284546873,0.0,0.0,0.0
155,156,2.9542256176629667,921.2158047365878,1677.3714354760755,2.6499317471187926,1.56332028489763,1.0242929234436695,7.46328357756429,255.0,252.0,238.0,161.63871435476076,158.11744804253263,148.64137264378928,3.0,0.0,0.0
156,157,4.5234348751842814,923.4359217171717,735.4008838383838,2.9608427857455406,1.9721814095368047,0.34552205044305623,8.308023162055013,255.0,255.0,250.0,167.23090277777777,162.1702967171717,152.62578914141415,1.0,0.0,0.0
157,158,7.106418994252579,936.4308820574644,568.6576250753466,3.1816672450648174,2.863001053982542,0.6899304867379882,10.076413216671417,255.0,255.0,253.0,172.07705445047216,172.1871609403255,168.24412296564196,0.0,0.0,0.0
158,159,4.3756522017052495,937.2943383912547,663.7187143090226,3.7048253766204713,1.6663460610857082,-0.6324690206863881,10.093177417974509,255.0,255.0,255.0,157.28993310491109,155.13509544787078,149.9110784793604,0.0,0.0,0.0
159,160,1.6670171138818337,943.1340471092077,1613.3438972162742,2.1558737689929117,1.0685363837525474,-1.2879288364664576,5.728882673234911,208.0,205.0,200.0,113.17987152034262,111.07880085653105,105.35588865096359,0.0,0.0,0.0
160,161,17.942387197463916,953.7732373070189,1256.4091994270252,5.0421836067766,4.615148384517198,0.9492695858538831,16.230772338211015,255.0,255.0,255.0,206.50254655419386,206.43303358268344,203.44079261499283,30.0,31.0,35.0
161,162,1.5306572557441762,992.8008395522388,1839.7061567164178,1.7790979555391866,1.2681140446773942,-1.424721075673758,6.264219976337905,161.0,161.0,159.0,85.70242537313433,85.29850746268657,84.36660447761194,1.0,0.0,0.0
162,163,3.263355557838913,1007.3861299496828,1786.4373222489608,2.812247444487769,1.6673066391064155,0.07998474331906988,8.08509937242995,224.0,225.0,220.0,123.6565302997156,123.05359877488515,119.17698534237584,1.0,0.0,0.0
163,164,7.0778619558991425,990.1444422029454,1658.9130522493444,4.6854398055602475,2.407251897103857,1.3949400268889358,13.263779430049063,255.0,253.0,243.0,184.37552955416584,182.68367964494655,175.43655436756103,5.0,2.0,0.0
164,165,4.615531323874113,996.2092807424594,1964.2719257540602,2.7410837949185316,2.4363534439188483,-0.570230502580754,9.398933949335145,255.0,255.0,253.0,221.7678267594741,218.97989172467132,211.3506573859242,39.0,37.0,40.0
165,166,20.587482874950936,1003.216353989666,1090.8437077365884,5.516796929971212,4.902526645176485,1.4719459049282952,17.893206316447525,255.0,255.0,255.0,196.92828657627354,195.99309914346154,188.543329749974,16.0,15.0,13.0
166,167,3.386864748717524,1033.2392495784147,109.26559865092749,2.2031933664405283,1.9650677411609807,1.041554999763668,6.900277437130756,226.0,222.0,211.0,102.68950252951096,100.11698988195616,95.49831365935918,0.0,0.0,0.0
167,168,7.642577389338342,1046.0902382064455,458.99551611396544,3.7194162646980438,2.650512055925798,0.8493219255625606,10.685914183433646,255.0,255.0,255.0,128.5324614666044,131.74469873890706,134.99635684259692,0.0,0.0,0.0
168,169,6.1861684333131,1016.8291979226774,534.3053664166185,4.344473303930199,1.90739677506211,0.8737078028039645,10.959591324648823,255.0,255.0,254.0,152.07836122331219,152.0602423542989,147.74287362954414,0.0,0.0,0.0
169,170,18.561361003774643,1061.237662987038,1536.726604869418,6.3216278688373535,3.8351734186074835,-1.310188034737178,17.357245366758924,255.0,255.0,255.0,171.72825877918382,172.76464479403054,169.54452094311318,3.0,4.0,0.0
170,171,21.22787446002674,1073.0744602138966,705.929810990785,6.021347759979126,4.519032281882363,0.3521704265665106,17.800407511728384,255.0,255.0,255.0,198.69755162440305,199.1961391000202,197.98782538508104,2.0,1.0,0.0
171,172,17.677520666735795,1058.2481725293808,900.3566495698881,5.537110596643433,4.128671060952178,0.7149362493822589,16.426650937091146,255.0,255.0,251.0,174.22648519849764,172.82633980856994,168.6935907273535,3.0,2.0,0.0
172,173,7.920294587325508,1064.5759870200109,1372.82513070128,4.169850487260769,2.421785619626588,0.6480156682500151,11.097772612396748,255.0,255.0,246.0,148.20975301965026,146.93257616729764,142.1537768162971,21.0,22.0,22.0
173,174,5.309467355862611,1029.219712249563,1723.6813231141589,4.804537596662682,1.840853378426469,-0.4432138545394681,12.129873745244756,255.0,255.0,254.0,175.81780287750436,176.2412263009278,173.16391017883555,2.0,2.0,2.0
174,175,18.030200090400733,1100.9343892298555,1901.092734112057,5.61966640323234,4.16025225947306,0.6464706741308563,16.61021470786785,255.0,255.0,253.0,201.1967531181944,198.2963373589388,190.9885567214413,4.0,0.0,0.0
175,176,5.734967227328809,1105.2926677455496,1774.9599153491847,3.9161134049484403,2.622055209388794,1.0897000903257288,12.355482969150486,255.0,255.0,246.0,161.74430474293538,158.9662641603386,152.7909871778912,3.0,2.0,0.0
176,177,10.372630255926836,1101.282056576502,60.57099593915617,4.909170462747189,2.8411278511104974,0.7052731246115642,14.508686261985066,250.0,250.0,250.0,164.77025259825177,162.32472985064354,159.64216394796614,3.0,0.0,0.0
177,178,4.444189093753496,1114.2562248995985,1036.1820080321286,3.105398374095918,2.154556229873662,-1.2495763401366915,10.553103764247059,184.0,185.0,179.0,85.59277108433734,84.61558232931726,80.72353413654618,0.0,0.0,0.0
178,179,17.25130686931076,1130.8739447111404,1229.1882552557524,5.648884445125832,4.044253075189831,-0.13539855321629757,17.858104822860593,250.0,254.0,255.0,122.36413673232909,126.2760718424102,127.8571842410197,0.0,0.0,0.0
179,180,6.223292583172567,1131.4441895147413,1619.3322243891248,3.6066076045102213,2.2460763500363194,-1.2095739023044056,10.145043112864542,251.0,255.0,254.0,134.9966731673741,134.6172995296547,131.27073534472868,0.0,0.0,0.0
180,181,11.579165126359511,1157.509772489056,585.8383377520192,4.592403976176803,3.288629152775378,-0.023628063847505917,13.615878760184897,255.0,255.0,251.0,173.2637030643073,168.6564523090203,161.57648437018312,0.0,0.0,0.0
181,182,7.209224332324949,1157.1967716379481,1109.8677956030897,3.5517924908128498,2.6655621940763328,-0.5535644250188889,10.850489066307423,255.0,255.0,252.0,166.5088136264607,162.71647851059615,156.11002178649238,1.0,0.0,0.0
182,183,1.5863434805333765,1164.1840684068407,138.49594959495948,1.769204064175895,1.2556502718003872,0.535339872118758,5.164764189501461,255.0,255.0,255.0,198.96579657965796,199.87533753375337,199.43519351935194,0.0,0.0,4.0
183,184,10.134178985675645,1180.675167312434,1374.8090172595985,4.623296546446604,2.9923063865999446,1.2154481802028307,13.690340272620196,255.0,255.0,255.0,189.85966889749912,189.8891158858753,185.6071151814019,14.0,0.0,0.0
184,185,3.293340448110021,1159.7671797095165,1462.1606329937133,2.970716926926306,1.6931588316498878,0.4759975868634268,8.790084578191994,179.0,181.0,178.0,89.59982657706482,92.44287882072405,93.9412529807067,0.0,1.0,0.0
185,186,21.859698933596516,1251.945099448055,977.5058297135765,6.127798062836058,4.574530292399618,-0.3104299481886926,17.864588034721844,255.0,255.0,254.0,180.18900029393515,175.8174009601881,170.7970214572651,5.0,5.0,7.0
186,187,4.010836036740104,1195.7098611605554,1547.2050551797793,2.718582342096418,1.9918201923431724,0.04935572743544819,8.232449306319797,233.0,232.0,227.0,108.01423994304022,108.39729441082235,104.90459238163048,0.0,0.0,0.0
187,188,1.7591135625716652,1202.8713474025974,20.550324675324674,1.7680638833466948,1.3201356538783655,-0.2998509172115438,5.280810407384954,167.0,168.0,170.0,113.7362012987013,113.76136363636364,113.09577922077922,3.0,0.0,0.0
188,189,0.6703764753469129,1204.580404685836,1950.7571884984025,1.075959441479723,0.8280375168048589,0.846679071002589,3.165394042417984,154.0,154.0,156.0,81.60170394036209,83.35889243876464,85.61022364217253,0.0,0.0,3.0
189,190,23.476027304401,1312.8600796764285,426.24888240124073,10.093580253085792,3.4466189813680677,-0.29763018188518964,24.86081045853326,255.0,255.0,251.0,104.77909558130341,105.93133229936441,109.44585348052185,0.0,0.0,0.0
190,191,3.0655980672413676,1215.2848160223568,1826.265253842571,2.825511524266532,1.470047426351701,-0.6285077503462361,7.503755939712569,253.0,252.0,248.0,139.2566371681416,140.3861201676758,138.9534233814625,3.0,0.0,0.0
191,192,3.6260299449275517,1207.71608584367,106.1905886985627,2.8540340516803173,1.6327660052527804,1.2879230155420287,7.66027451974434,255.0,255.0,254.0,170.1953140381965,167.19236070092538,163.64737152982872,3.0,0.0,0.0
192,193,14.307076215071497,1237.6852295409183,828.3166666666667,5.601261431234843,3.528911777313817,-0.046323566148223055,16.571776184381168,255.0,255.0,255.0,149.2256487025948,147.14755489021957,142.31701596806388,0.0,0.0,0.0
193,194,27.66320305297357,1237.7765045937854,1696.441855063487,6.820480728991829,5.298872602140499,-0.6990103089280958,20.800575075653512,255.0,255.0,255.0,159.03520181686795,158.00180654485393,153.56423557344894,26.0,25.0,20.0
194,195,1.45855073390175,1250.9583945178658,1238.8223201174742,1.7565452387131357,1.2209274202431561,0.388247664233294,5.352125737858745,244.0,237.0,230.0,141.2912383749388,140.43563387175723,136.59275575134606,0.0,0.0,0.0
195,196,1.289350281657641,1243.3720930232557,1982.655592469546,1.641994265369464,1.0262272841301516,0.011948188703599413,4.513217769610201,244.0,239.0,233.0,156.6672203765227,152.76301218161683,145.8466223698782,0.0,0.0,0.0
196,197,0.5261634316620606,1290.2957937584804,1990.2279511533243,1.1890353025472877,0.5915363588505071,0.09889670945294644,2.981830271641283,202.0,199.0,190.0,135.55088195386702,131.8181818181818,125.49118046132972,65.0,64.0,62.0
197,198,1.1879727955029427,1250.7890625,28.404447115384617,1.4512043395223113,1.0536731408534388,-0.4857866109318569,4.200180609546661,224.0,220.0,210.0,122.6532451923077,119.71153846153847,114.48317307692308,1.0,0.0,0.0
198,199,3.908744624626569,1251.7651141552512,533.5243835616438,2.727706371782366,2.47534444697382,0.11788952001134738,9.883680799752796,231.0,236.0,239.0,84.04347031963471,86.58520547945206,91.20858447488584,0.0,0.0,0.0
199,200,14.679745565583838,1298.36061667153,1924.4826865090945,5.9473523213120245,3.2830894209570882,0.4437350272495799,16.807205650047894,255.0,255.0,253.0,173.6374866258146,169.49795739714037,163.82846999319133,1.0,0.0,0.0
200,201,2.2631452895098128,1285.106309148265,52.73943217665615,2.1380620762671345,1.3957532329353506,-1.103732248241528,5.980424744585658,222.0,219.0,217.0,97.6403785488959,93.77034700315457,88.87287066246057,0.0,0.0,0.0
201,202,25.14732797403585,1324.6448444242562,1204.628548716784,9.55834120499455,3.5110601599604743,0.9360618248753987,22.883305481571607,255.0,255.0,255.0,185.29610492845788,189.06606291165116,192.60839200545084,2.0,3.0,7.0
202,203,0.8959770783390584,1284.0239043824702,106.54661354581674,1.4322181898033761,0.8775990708848197,0.6291674852011581,4.1310899656726985,255.0,247.0,236.0,161.91474103585657,154.4780876494024,144.68366533864543,3.0,0.0,0.0
203,204,29.14602726947574,1319.6460747091244,685.36852418861,7.8391803886633955,4.862591068870618,-0.2403018411795912,21.796001623933826,255.0,255.0,253.0,174.88191059399878,173.17452541334967,168.25748928352726,1.0,0.0,0.0
204,205,11.923277438518417,1281.77995329621,1336.159152146578,4.229448739269662,3.637151387947427,1.0836779230169225,13.20290798792188,255.0,255.0,252.0,192.66103826118197,192.5769115621819,189.80366445123047,56.0,55.0,53.0
205,206,5.733539375411137,1286.7217033993277,1496.9144564811356,3.0563037870343686,2.6197108242079405,-0.8133748272937507,10.686374931114484,255.0,255.0,238.0,161.67911841613747,157.92802888805878,147.42846469929026,11.0,10.0,5.0
206,207,4.164330117889823,1297.0464597977027,1830.0620606891823,2.642929132343224,2.020612701855484,1.0800191689254386,7.806051362653433,255.0,252.0,242.0,145.0759471969827,142.19423967083833,137.7130121721241,5.0,5.0,7.0
207,208,1.6741563734701927,1298.5509594882728,563.2690831556503,1.7336328059779325,1.2989232492403817,-0.9507124674906319,5.220427661972074,209.0,207.0,208.0,42.42814498933902,43.0272921108742,44.14754797441365,0.0,0.0,0.0
208,209,4.7233341436583345,1341.4135429262394,1408.5317412333736,3.9005230254747705,1.9701742915820117,-0.4443057275137714,10.730645070843346,214.0,215.0,217.0,102.23987303506651,105.1142684401451,108.87892986698911,0.0,0.0,0.0
209,210,1.310054134463882,1318.1051771117166,103.31880108991825,1.7156184707027404,1.018865890328884,0.8743467999073169,4.798288243567134,255.0,253.0,250.0,181.37711171662124,171.96130790190736,161.08610354223433,5.0,0.0,0.0
210,211,0.309129940175946,1344.4503464203233,124.69976905311778,0.9031417504950909,0.4751220706984466,-1.3261315511726541,2.334081629330609,191.0,187.0,178.0,127.02078521939954,121.47344110854503,114.29561200923787,57.0,52.0,44.0
211,212,0.48047217029656275,1314.407132243685,141.37741456166418,0.8714461502425604,0.7154492807425791,-0.48535642206349183,2.633691617990803,255.0,255.0,250.0,167.34621099554235,162.14561664190194,158.4294205052006,57.0,50.0,44.0
212,213,5.230935500390662,1307.8089258905418,1569.513579909922,3.3500676794361497,2.1456396228989756,0.03477712830037316,9.724476785440354,255.0,249.0,237.0,189.97693462535827,182.8816705336427,169.9523679541422,3.0,1.0,0.0
213,214,3.9901321839338624,1361.7106816961889,799.5976024333512,5.923531531848274,2.423924672250048,-0.971724327033533,16.000713741105624,226.0,223.0,216.0,54.330291644301305,54.43657183753802,54.09500805152979,0.0,0.0,0.0
214,215,4.355662274857845,1351.7980658908375,47.90247500409769,2.4847471959991116,2.255983019238168,1.4396352562216899,7.783916292789002,255.0,249.0,236.0,149.20144238649402,142.16866087526634,134.50680216357975,4.0,0.0,0.0
215,216,6.4838755581476715,1358.6759524333847,538.4893195331425,4.08076603834788,2.049328669109463,0.8678673528228775,10.619508973840352,255.0,255.0,253.0,143.91521691257432,145.48909931733098,147.6904866769434,0.0,0.0,0.0
216,217,0.3940871292774185,1417.105072463768,609.3405797101449,0.792041296150108,0.647089458253519,0.7958181146290704,2.3443626187724473,189.0,188.0,186.0,93.1086956521739,90.4945652173913,89.4963768115942,0.0,0.0,0.0
217,218,2.1560563956844274,1377.232119205298,1855.4834437086092,2.305895648233147,1.3058042893946484,0.2921333039666221,6.3102261059522915,255.0,255.0,245.0,156.58841059602648,154.91192052980134,148.26258278145696,30.0,30.0,29.0
218,219,7.314171448273827,1403.712347486579,1127.3559785261102,3.543073807356598,2.7226935819305695,0.047212511270603955,10.7420384035851,255.0,255.0,253.0,176.13860419716934,172.68111273792093,166.33821376281114,0.0,0.0,0.0
219,220,2.431631815795086,1399.9418672930124,284.23899001761595,1.9300229477801052,1.6374119629896833,-0.5009414936863273,6.072762801623965,214.0,211.0,206.0,76.92836171462126,77.00469759248385,77.83470346447446,0.0,0.0,0.0
220,221,17.628973701534953,1411.0337747539788,873.2263394484266,6.522384700567462,3.4884457150489037,-1.3550888292881413,17.34094191313667,255.0,255.0,251.0,178.46656947313005,173.34086583242214,167.2675657068805,6.0,0.0,0.0
221,222,3.1062918468950143,1398.122730406803,100.61870834290967,2.5099707529596684,1.6032228206256902,-0.5376322402186297,6.9315811531371105,255.0,254.0,245.0,175.4532291427258,168.42978625603308,160.57802803953115,11.0,4.0,1.0
222,223,16.19683822811013,1408.2380217745845,1767.0874068850003,4.901693931430779,4.348551510369428,0.47852179608767464,15.80752057650616,255.0,255.0,255.0,175.58967690748005,173.72239608586415,169.83946753647464,5.0,0.0,0.0
223,224,17.89098452842773,1424.6894253790902,1548.4739425379091,6.154705759684482,3.9255535291507355,0.9765899460136791,18.078803925885822,255.0,255.0,249.0,202.7782122905028,201.40267358339983,198.35319233838786,2.0,1.0,0.0
224,225,3.7067035782760085,1441.3370570107859,28.88482280431433,2.5705748112407436,1.9341729590582,-0.1182731522725522,7.724455042737802,224.0,223.0,218.0,122.19472265023113,120.10208012326656,115.61267334360555,0.0,0.0,0.0
225,226,5.475098178312541,1447.4618594340852,489.58847307341244,3.1363028734680367,2.252227693475199,-0.11975892801007505,9.01995232735915,255.0,255.0,248.0,143.4768548702569,139.41243969226758,132.8280088668666,1.0,0.0,0.0
226,227,2.2203097319796585,1446.4350482315112,331.3704180064309,2.333821251879989,1.2799273604617338,0.5651576632342998,6.2838325108264375,255.0,255.0,253.0,142.85498392282958,140.15016077170418,137.12379421221866,0.0,0.0,0.0
227,228,11.557747347594434,1449.2112545555624,1920.8366174562975,4.800549160930646,3.285865962313895,-1.4300275066580344,15.056962039777103,255.0,255.0,253.0,199.77818271665947,198.6294397430354,193.54598801655445,2.0,1.0,0.0
228,229,8.006679628344653,1455.4913062862238,1405.1775300936247,3.880996444850766,2.8053624591177257,1.4347314358985532,11.63484590538527,255.0,255.0,252.0,182.4251448952296,182.43887650468122,180.45876058849754,52.0,52.0,52.0
229,230,6.353227107680701,1456.8211034947747,144.14855601753007,3.966264557596404,2.1117537417634584,-1.2936588695674225,11.104716571938841,255.0,251.0,245.0,134.52904820766378,132.08439150466344,129.42577817732328,2.0,0.0,0.0
230,231,0.5347305431680914,1453.283044058745,1020.1148197596796,0.9323781067980126,0.7705444886513177,0.004463566812607375,2.904683324925313,135.0,132.0,125.0,57.70360480640854,54.34712950600801,50.72363150867824,1.0,0.0,0.0
231,232,3.3790115631703292,1464.8911895203887,1686.8161842383267,2.9149454486430924,1.5458333999584186,0.8959616066098464,7.673240943466848,235.0,228.0,227.0,137.46397633636172,134.11683921402917,131.38580181702937,0.0,0.0,2.0
232,233,5.296616688603565,1469.547647930988,1089.055398301658,4.382432677745884,2.3401919456861906,1.3981543129863365,12.96210765369381,255.0,255.0,253.0,168.941366761019,166.38819247877072,160.02884485779754,0.0,0.0,0.0
233,234,3.210525036885056,1474.0160106737826,628.1794529686458,2.732458358651479,1.7806103335874057,1.2613147472932136,8.03054824325925,255.0,255.0,251.0,212.67400489215032,199.95352457193684,181.26217478318878,4.0,0.0,0.0
234,235,3.8180760278544095,1477.0787210172027,960.7612191473448,3.545300719851398,1.4802790582090746,-1.4607527926412318,8.881771039611227,255.0,255.0,255.0,126.05759162303664,124.05403889304412,120.68193717277487,4.0,0.0,0.0
235,236,4.5248627271019535,1478.888450615336,1262.6822341432628,5.622136214263433,1.517364346916397,1.548785980349806,13.091120295299811,239.0,238.0,234.0,136.75733669927422,136.16740296623541,132.87393499526664,1.0,0.0,0.0
236,237,1.9018987543388457,1488.06493993994,831.3611111111111,3.6176880468111925,0.6958387997760639,-1.5536723698744226,7.306574149594285,243.0,240.0,235.0,143.28378378378378,142.91066066066065,139.78265765765767,0.0,0.0,0.0
237,238,1.4749710309549757,19.938528557599227,26.158760890609873,1.5422583871076552,1.3068683639490655,1.225598307852058,4.990369064866682,85.0,83.0,84.0,44.142303969022265,44.05179090029041,46.14811229428848,0.0,0.0,2.0
238,239,1.6541664466227874,25.46180405697022,87.96331463098835,1.943891839071881,1.136790888263115,0.6352551028342522,5.2689563269623605,201.0,207.0,217.0,88.71860164005179,92.53819594302978,100.45964609408718,0.0,0.0,0.0
239,240,4.191459304325587,20.992846193152786,935.5976835292114,3.9310747569677575,1.471102077307577,1.5611236193713875,9.684465170972915,197.0,202.0,205.0,112.19008686765457,112.3278828138307,112.77857264520524,0.0,0.0,2.0
240,241,1.2465147241274868,9.962199312714777,1457.204467353952,2.396384676247336,0.7252245637506892,1.5608487794541044,5.654881908480449,241.0,242.0,237.0,106.21076746849943,106.59335624284078,105.58132875143184,0.0,0.0,0.0
241,242,0.5618597296038557,33.634053367217284,452.75095298602287,1.190751157290808,0.6290542350168039,-0.5331484170930878,3.0833369748215143,242.0,242.0,240.0,93.428208386277,92.09148665819568,92.49936467598475,0.0,0.0,0.0
242,243,5.801362341500548,65.8684469603741,383.0451636721634,3.842076124526085,1.92993366661236,-0.5371134048608901,9.892388698213878,255.0,246.0,236.0,139.36893920748216,135.40278119616048,128.95988186069408,0.0,0.0,0.0
243,244,2.1374943207546937,47.83466933867736,1019.6903807615231,2.3230894874925094,1.336135268681303,0.8978197017236261,6.565105207202785,215.0,216.0,213.0,96.13961255845024,95.58550434201737,94.23947895791584,0.0,0.0,0.0
244,245,2.5080218933905276,88.63990890976373,1414.6777682892116,3.759137639057975,0.8592683720902119,-0.39024865468817405,8.258382153764813,235.0,237.0,234.0,132.97580415599202,134.76771989752348,134.43865641901508,0.0,0.0,2.0
245,246,9.508065919776557,120.87820994143264,864.4324222856285,5.726591037682371,2.2042180590707723,0.3354587751685867,14.89035331824173,255.0,255.0,255.0,174.54490163688243,176.76407869049407,177.86011413125095,0.0,0.0,0.0
246,247,0.5611458036450198,63.776081424936386,889.9605597964377,1.0533282090176694,0.7274609578704534,0.6650980968813479,3.0142463309475525,248.0,247.0,242.0,141.52544529262087,140.34605597964378,138.00254452926208,0.0,0.0,0.0
247,248,0.7981692219785396,52.37298747763864,161.44633273703042,1.437967658309012,0.7493034288094836,1.4776511562468517,3.705152769687173,179.0,181.0,180.0,28.686940966010734,29.658318425760285,34.318425760286225,0.0,0.0,0.0
248,249,0.6525283263760154,93.85120350109409,1575.4201312910284,1.7144507151312993,0.5186044375416066,-0.7907824654113428,3.9562340933570814,189.0,189.0,191.0,51.26586433260394,51.82713347921226,53.842450765864335,0.0,0.0,0.0
249,250,1.1822613878322554,101.3828502415459,1052.1364734299516,2.517616985329904,0.8181822039273092,-1.0523763895667773,6.012840803891927,249.0,246.0,239.0,129.31280193236714,125.78502415458937,122.6165458937198,0.0,0.0,0.0
250,251,1.2914920595341486,129.07739082365947,1884.3178551686015,2.16508562070478,0.8756844167563748,0.20782518349364001,5.397968968568362,123.0,119.0,117.0,34.210060807075735,33.824765063571036,34.37258153676064,0.0,0.0,0.0
251,252,1.2565096875511894,138.66022727272727,451.1784090909091,1.561543890034189,1.0838897737966873,-1.5297507234100576,4.532667405193964,233.0,231.0,223.0,85.51875,82.42386363636363,78.3153409090909,0.0,0.0,0.0
252,253,0.5275912835797324,181.35723951285522,50.05683355886333,1.8209567149602448,0.406149783267494,0.8664642157301536,3.937733902168466,78.0,79.0,83.0,14.263870094722598,16.152909336941814,20.99188092016238,0.0,0.0,2.0
253,254,1.6306068899812025,202.69001751313485,1908.5932574430824,1.877473531164575,1.171532554614088,0.1636610777173838,5.481138379464746,255.0,255.0,251.0,161.61952714535903,156.99299474605954,149.2272329246935,0.0,0.0,0.0
254,255,2.421636852371383,207.92334905660377,1757.4369103773586,2.103609824454062,1.5018941810194262,1.4977103303119637,6.154819869220437,214.0,210.0,199.0,68.59758254716981,67.03714622641509,64.09964622641509,0.0,0.0,0.0
255,256,0.5368723210445991,226.12898936170214,871.7074468085107,0.9923707064073127,0.6929709570844695,0.7719275124572709,2.7810415518806506,54.0,53.0,48.0,11.683510638297872,12.549202127659575,13.704787234042554,0.0,0.0,0.0
256,257,1.531371181703012,272.16643356643357,1268.7958041958043,2.127405293006717,1.0206251119591943,-0.41404154888173567,5.564768538041971,164.0,165.0,160.0,71.58414918414918,71.72214452214452,69.12354312354313,0.0,0.0,0.0
257,258,1.8262226027022401,292.7361219702893,1899.1907740422205,2.001788970337264,1.2933820462691334,-0.9231673022314816,5.821220730273218,255.0,252.0,248.0,110.32603596559812,106.38858483189992,102.78850664581705,0.0,0.0,0.0
258,259,1.1215776813312037,294.430935709739,1293.4207511139402,1.4881142202542965,1.0301369191589382,0.11294030308162337,4.526184193332709,250.0,250.0,248.0,175.1572246976448,174.45194143857415,170.01909611712284,1.0,0.0,0.0
259,260,0.6875106983589746,292.460020768432,1575.6417445482866,1.887747188452025,0.5537623135717755,-0.15043437182547398,4.432273045313647,116.0,118.0,120.0,47.456905503634474,49.44755970924195,50.61578400830737,0.0,0.0,0.0
260,261,1.0616079007889878,297.8217888365837,466.4129119031607,1.7674315094259145,0.7935220503142039,-1.1160432215657408,4.559712595938893,213.0,215.0,210.0,71.84734364492266,71.11970410221923,71.35642232683254,0.0,0.0,2.0
261,262,3.9487244783213797,334.96492496836015,1615.2075574037244,3.2737147593447156,1.8198156742745757,0.4015084528975881,9.152301998864896,255.0,255.0,252.0,159.3046465376966,158.61417465196166,154.86837823178448,0.0,0.0,0.0
262,263,0.9430961916222279,328.33989401968205,1258.7365632096896,1.7032673424789566,0.7644447190478298,-0.7753459188453872,4.235282103133599,236.0,236.0,234.0,96.93489780469342,95.35427706283119,92.45420136260408,0.0,0.0,0.0
263,264,1.22152731556823,328.125073056692,32.637054354178844,1.9681960642804308,0.8345643614769104,1.3554451376546832,4.986110539605259,244.0,246.0,245.0,107.21683226183518,106.32729398012857,105.27410870835769,0.0,0.0,0.0
264,265,0.8217287786201244,326.4561251086012,615.2762814943527,1.4405738009665119,0.7547033997028465,-1.0011972486690248,3.806659472867404,86.0,90.0,93.0,37.568201563857514,39.651607298001736,43.13205907906168,0.0,0.0,0.0
265,266,1.8490682333849888,333.08378378378376,1872.9397683397683,2.27152001864611,1.1044122275978854,1.474896074718553,5.992278825008252,255.0,255.0,253.0,158.64749034749036,154.16254826254826,147.3926640926641,3.0,0.0,0.0
266,267,2.1746184706141607,369.27511490479316,1459.33913328956,2.2965341913942643,1.429812304550652,0.16807265240168917,7.126999004336404,166.0,166.0,166.0,72.25213394615889,73.58896913985555,73.46782665791201,0.0,0.0,0.0
267,268,4.8468433345369455,364.08528501988513,1392.533951981146,3.4831613629470883,1.875810814143738,-0.96012035872012,9.418383584918907,193.0,198.0,201.0,99.54293710413904,104.28619826189424,107.95286492856091,0.0,0.0,2.0
268,269,2.1888969897908788,417.2155903457273,686.8118069145467,2.566033109404074,1.115999996109033,0.44052227451626197,6.456002948861384,253.0,253.0,251.0,123.39432485322897,125.37051532941943,124.35094585779517,0.0,0.0,0.0
269,270,2.0139851298760827,402.32754342431764,632.6004962779157,2.5793387847511933,1.0251050515262214,0.03312185280983469,6.180101121046375,235.0,236.0,231.0,141.22970577809286,142.2176533144275,139.91563275434243,0.0,0.0,0.0
270,271,3.1626919976430505,453.6408577878104,358.94040632054174,3.296768025135474,1.6169342227207482,0.18500702609093725,9.385967525612637,255.0,255.0,250.0,104.31218961625282,105.03702031602708,104.70744920993228,0.0,0.0,0.0
271,272,0.7781792951311344,433.5844036697248,656.3495412844037,1.7448015841844722,0.5951662388110099,0.007060432438899299,4.063572412779491,115.0,119.0,120.0,62.88348623853211,63.52660550458715,64.42844036697248,0.0,0.0,0.0
272,273,0.4911810596791013,432.26453488372096,477.2892441860465,1.1787096589878414,0.5650126435976973,-0.926185289734158,3.020729542808806,125.0,122.0,117.0,60.18895348837209,58.78343023255814,55.151162790697676,0.0,0.0,0.0
273,274,0.7746096653369549,451.10875576036864,617.9299539170507,1.3830164048360862,0.7700909858696702,0.7611748376439157,3.7543330302965345,109.0,109.0,107.0,49.055299539170505,50.046082949308754,48.851612903225806,0.0,0.0,0.0
274,275,1.3200490978875847,485.3921038399135,1805.9599783666847,3.0271457144960916,0.7809570812399469,0.7068783242576351,6.786916653527933,184.0,184.0,182.0,65.85992428339642,65.42239048134127,63.75770686857761,9.0,9.0,9.0
275,276,1.5899131103275561,469.8096093399192,674.2285585990121,1.9247151986899869,1.1208052305556455,-1.3614739906839401,5.5750495274838086,161.0,165.0,164.0,75.94836102379884,76.26537943421644,75.75886843286933,0.0,0.0,0.0
276,277,0.47618861454354733,540.0839580209895,1437.4197901049474,1.396615546020984,0.5490454623850317,1.4064665877934854,3.423419325629985,132.0,132.0,132.0,52.562218890554725,47.49025487256372,46.97001499250375,0.0,0.0,0.0
277,278,0.4654797251610088,524.1472392638037,1442.8128834355828,1.020958443168451,0.5840840453161535,-1.3776114439827152,2.636377052271473,138.0,139.0,143.0,28.79447852760736,31.403374233128833,33.68558282208589,0.0,0.0,2.0
278,279,1.9640103127575692,561.6990185387132,336.27553616866595,2.5300445621739525,1.0723644654362692,-1.0430457353235616,6.3853392140066685,237.0,223.0,205.0,107.37404580152672,104.33296982915303,99.37477280988732,0.0,0.0,0.0
279,280,1.9604406829633898,555.6926438455936,952.9890750182083,2.033742771012209,1.3336935062006807,-1.2283181242742331,5.872434829544172,166.0,165.0,161.0,61.44100509832484,65.04115076474872,65.90386016023307,0.0,0.0,0.0
280,281,1.9611546089222256,579.2300691663633,104.58354568620312,2.474730417255613,1.055520738579371,1.4084701431539057,6.023582541014605,210.0,210.0,210.0,70.5955587914088,70.45030942846742,68.65089188205314,0.0,0.0,0.0
281,282,1.1030156064014702,597.2899676375405,31.045307443365697,1.7455112931416585,0.9143589939163949,1.526766403139784,4.746422548677105,249.0,245.0,236.0,122.06343042071198,116.03171521035598,106.10032362459548,5.0,0.0,0.0
282,283,2.9320939129390537,598.245191137083,507.945215485756,2.3324970073053555,1.610531767755965,-1.3168732746591623,6.563992863902869,248.0,251.0,250.0,156.03676649622597,156.77136596055516,155.03433162892622,0.0,0.0,0.0
283,284,3.336889931599011,661.7580231065468,20.801668806161747,3.1806174135888967,1.4128775945620053,-0.03176021319637854,7.922558328217766,254.0,251.0,244.0,113.44779632006846,114.89623448866068,112.61382113821138,21.0,20.0,15.0
284,285,1.0102052317528027,627.8699646643109,563.121554770318,1.8365491070808502,0.9166343743601528,0.7623085682866325,5.0849318085048205,72.0,72.0,74.0,18.35123674911661,19.02614840989399,21.060070671378092,0.0,0.0,2.0
285,286,0.6246852139814152,646.0662857142858,1634.2,1.0682962149563178,0.823780985284725,1.3089093967829228,3.252821978575793,225.0,221.0,212.0,88.63771428571428,85.44,79.89257142857143,0.0,0.0,0.0
286,287,1.3378972468584824,732.6862326574172,481.97812166488796,1.9246267846132696,0.946616647476052,-0.9247839477828993,5.009357952769604,84.0,86.0,85.0,40.424226254002136,42.56883671291355,44.08484525080043,0.0,0.0,0.0
287,288,2.402360851482814,797.4023774145617,1987.4249628528976,4.130009424568196,0.8308269944768066,0.05066462288361235,9.415046555019162,243.0,244.0,238.0,137.23774145616642,135.41604754829123,131.17147102526002,1.0,0.0,0.0
288,289,0.5390140989211069,781.61059602649,446.9668874172185,1.0383078992962942,0.6756947800186558,-1.134417002185825,2.8787504774802977,233.0,232.0,228.0,70.2569536423841,69.39735099337749,65.62119205298013,0.0,0.0,0.0
289,290,1.797665564348804,773.7942811755362,1123.3943606036537,2.5571960787427366,0.9258960667544694,-0.4757240653032639,6.257899663381421,205.0,200.0,196.0,73.07545671167594,71.54169976171565,70.97100873709293,0.0,0.0,0.0
290,291,5.132413718071307,819.4060370009737,572.9926276255391,3.91323864430848,1.8471423193846739,0.5948270755397973,10.214594504419342,254.0,252.0,246.0,153.26248435109196,150.5629433857282,143.70705244122965,1.0,1.0,1.0
291,292,0.6246852139814152,793.7817142857143,1087.3097142857143,1.2612046348461534,0.74263358525285,0.3519862207965992,3.58910655180368,119.0,118.0,116.0,53.27428571428572,53.16,53.10285714285714,0.0,0.0,0.0
292,293,0.8895517447095352,842.0906902086678,1673.1364365971108,1.8611239393950636,0.6750329133241313,-0.08879650413686692,4.492195043045686,251.0,244.0,234.0,160.28571428571428,155.29373996789727,147.37720706260032,4.0,1.0,0.0
293,294,2.7785998317893346,823.7027235354574,1554.6921891058582,3.949372118705773,1.2177791031502445,-1.360216628479743,9.329843305461182,219.0,218.0,213.0,101.09686536485097,102.03263103802672,100.54445015416239,2.0,2.0,2.0
294,295,1.030909084559044,816.115650969529,1618.5353185595568,1.752271509177206,0.8736604258740414,0.5772444720368292,4.742164023415679,178.0,173.0,169.0,65.1696675900277,58.61980609418283,55.954986149584485,8.0,2.0,2.0
295,296,1.590627036286392,866.4649910233393,1641.479353680431,2.089318325932398,1.0210640539815772,-0.2904653440265391,5.439553674016554,255.0,254.0,241.0,151.58572710951526,148.02513464991023,141.2576301615799,9.0,3.0,0.0
296,297,1.7776756375013987,888.6610441767068,636.6160642570281,1.712861676498595,1.3615468880106034,-1.3466759741232768,5.194494814527061,233.0,232.0,228.0,122.80883534136547,123.12329317269077,121.83293172690763,0.0,0.0,0.0
297,298,1.8747695679030814,882.8880426504189,1175.7795125666412,2.6704904312810855,1.0700160946390251,-0.7487510222966486,6.973165858585303,176.0,176.0,174.0,48.122619954303126,46.71477532368621,43.77380045696877,0.0,0.0,0.0
298,299,8.445744093028733,993.0969568892646,803.5415891800507,6.677212028701124,2.5041815493231976,0.04968883868498692,19.237883861678238,246.0,245.0,241.0,84.03415046491969,84.2574809805579,82.90710059171597,0.0,0.0,0.0
299,300,0.9245341166924944,929.4393822393822,1980.8934362934363,2.071026897427745,0.657958708320322,-0.641711839254333,5.002874740908351,219.0,215.0,206.0,61.65173745173745,60.66023166023166,56.24478764478764,0.0,0.0,0.0
300,301,1.4628342896547653,936.2040019521718,1367.239141044412,2.9921619185325117,0.7640717289648151,-0.0789795848648259,7.0346609472980965,227.0,223.0,212.0,97.99072718399219,96.27525622254758,91.54172767203514,14.0,13.0,11.0
301,302,1.4628342896547653,1001.7403611517814,61.68521229868228,2.134783422829296,0.8783796891921621,-0.9365117326221215,5.113550090230506,246.0,243.0,236.0,112.24743777452416,105.78135675939482,99.23328452903856,5.0,0.0,0.0
302,303,0.4369226868075727,990.4526143790849,1893.2271241830065,0.8319684024405726,0.6823099595514043,1.3699952971484555,2.494397986942964,157.0,154.0,147.0,50.75653594771242,50.2140522875817,48.61274509803921,9.0,7.0,6.0
303,304,0.7674704057485958,1002.0502325581396,149.72186046511627,1.2775277211502134,0.7885765072244943,0.16533686369379638,3.40017191246564,247.0,248.0,243.0,131.77488372093023,131.31441860465117,129.23348837209303,0.0,0.0,0.0
304,305,1.406434138906729,1005.0629441624366,971.4233502538071,1.8179052827669446,1.0528772273095206,0.3354494481927644,4.941840399876398,249.0,250.0,244.0,131.31167512690357,130.03604060913705,124.52842639593909,9.0,9.0,9.0
305,306,1.4449861406838678,1037.7322134387352,605.5795454545455,2.550251816176532,0.8613516810208802,0.14692811083511037,6.067852680743467,215.0,214.0,213.0,52.7104743083004,51.92094861660079,49.22529644268775,0.0,0.0,0.0
306,307,1.407148064865565,1096.7184170471842,1322.0618975139523,1.8838707967561805,1.0704083981378005,0.4820213027727765,5.197180248807729,205.0,204.0,199.0,116.03247082699137,115.64586504312531,112.73668188736681,0.0,0.0,1.0
307,308,4.11078567097713,1132.8287599861062,477.1316429315735,3.7824198142718624,1.6736930570632558,1.2166775340689369,10.355461226447936,168.0,162.0,162.0,60.862973254602295,58.282042375824936,57.45119833275443,0.0,0.0,0.0
308,309,1.2243830194035736,1136.4723032069971,845.9218658892129,1.9026993050962075,0.942897832057338,0.74199632001777,5.021212033192198,198.0,197.0,194.0,89.13002915451895,88.49620991253644,85.51428571428572,0.0,0.0,0.0
309,310,1.0430458258592543,1155.6447638603697,922.1759069130733,2.017528696525472,0.8198874101243215,-1.2454914775085597,5.109752312649921,152.0,148.0,147.0,82.46132785763176,81.60232717316906,79.70636550308008,1.0,0.0,0.0
310,311,2.3588113679938236,1212.5690072639225,1487.475181598063,2.802490089979451,1.22924243141428,-0.6323522640598456,7.383911944248491,236.0,235.0,234.0,108.76876513317191,107.94098062953995,103.45490314769975,0.0,0.0,3.0
311,312,0.33483127469403856,1177.4861407249466,53.62899786780384,0.7221838212897618,0.6264865118038705,-0.011590001101564471,2.3287107607692703,243.0,235.0,222.0,155.69083155650318,147.88272921108742,138.21961620469082,1.0,0.0,0.0
312,313,0.5968421015868149,1187.0131578947369,675.1674641148326,1.6401987341191069,0.5537051954835019,-1.1415690150061322,4.269271253420622,186.0,186.0,184.0,20.215311004784688,20.92105263157895,21.979665071770334,0.0,0.0,0.0
313,314,0.9281037464866739,1230.756153846154,61.58384615384615,1.4249371659148309,0.9082027804313111,0.8153128809271899,4.046347463795559,225.0,220.0,211.0,126.0,119.75923076923077,113.49846153846154,0.0,0.0,0.0
314,315,1.0880231612659164,1251.986220472441,119.48228346456693,1.8825742833190917,0.7907754779711057,1.5218158615058315,4.579622979203495,255.0,254.0,240.0,123.1515748031496,115.43963254593176,107.56627296587926,1.0,0.0,0.0
315,316,0.8502858169735605,1255.3853904282116,1438.9353484466835,1.3284144803523505,0.8610744852267154,-1.0869757027409206,3.7543330302965336,229.0,229.0,227.0,119.15365239294711,120.39462636439967,121.1696053736356,0.0,0.0,4.0
316,317,0.5711407670687224,1283.8825,133.5,0.9991064627829808,0.7526410834084283,-0.11012380173934667,2.897087769764144,255.0,255.0,246.0,149.0675,141.2275,131.89875,4.0,0.0,0.0
317,318,5.829919379853984,1373.5837619397503,1036.3479059515062,4.458499711932867,1.7620218261538765,-0.6714857798163932,11.470271022511488,255.0,255.0,250.0,135.1465833945628,134.42309576291942,133.1114376683811,2.0,0.0,0.0
318,319,0.7110702550005594,1381.5973895582329,1450.4979919678715,1.703812251984228,0.5630704695444397,0.17994216615587577,4.11337631997446,216.0,213.0,208.0,100.79819277108433,99.22389558232932,95.47088353413655,0.0,0.0,0.0
319,320,2.7950201288425607,1379.1363984674329,1640.0229885057472,2.8010055063839787,1.4167193546515964,0.7489285584245335,7.535059655718921,213.0,209.0,206.0,106.04291187739463,104.81226053639847,100.9088122605364,0.0,0.0,0.0
320,321,4.665506140992626,1385.618974751339,191.0228003060444,3.88465403655213,1.8804938355543235,1.3713991103198708,10.905500943158964,255.0,255.0,255.0,179.99250191277736,180.60596786534046,182.19265493496556,0.0,0.0,0.0
321,322,0.42764164934270593,1420.7863105175293,239.78964941569282,0.8925178874082734,0.6235333672661735,-1.46100801537897,2.485229340801041,185.0,185.0,185.0,66.48247078464107,66.02838063439066,64.93489148580969,0.0,0.0,0.0
322,323,1.3357554689819746,1450.1282736504543,239.3067878140032,1.9164277460988393,0.8938673184980203,-1.3598354522273852,4.750220326257688,255.0,255.0,251.0,161.88776055585248,158.80384820951363,152.64564404062,1.0,0.0,0.0
323,324,3.747397357929655,1441.0040007620498,1227.6065917317585,2.9464581982804514,1.6774529170151593,1.0689265985090586,8.001469213852726,255.0,255.0,243.0,172.39740903029147,166.05963040579158,157.02228995999238,13.0,13.0,13.0
324,325,3.955149811950903,1454.8853790613719,559.5646209386282,2.707401951003368,1.9478275120640005,-0.3695130119856893,8.111492967555805,252.0,253.0,253.0,145.59241877256318,145.17382671480144,145.27960288808663,1.0,0.0,0.0
325,326,2.037544686517667,1473.7687456201822,724.1030133146461,2.15198195164465,1.2711920492537037,-1.13867651822947,5.903277797869688,218.0,211.0,205.0,75.63840224246671,74.3969866853539,74.49614576033638,1.0,0.0,2.0
326,327,3.35973556228176,1483.2148321291968,268.53867403314916,4.212592432333763,1.0942652694767478,-1.5288106312177554,9.607778971937785,255.0,255.0,250.0,191.85444113897154,187.43285167870803,180.17722056948577,6.0,2.0,1.0
327,328,0.7867464066371652,1486.0235934664247,67.4546279491833,1.2091249230488372,0.9066911540325393,1.4561735593608958,3.6619949732582264,188.0,184.0,185.0,51.402903811252266,49.274954627949185,49.17876588021779,0.0,0.0,0.0
328,329,0.5061735048146553,1489.9971791255289,425.08744710860367,1.0933955151019297,0.617464882230616,1.505150737599378,2.8306825601708514,204.0,196.0,185.0,92.98871650211565,88.79830747531734,81.93935119887165,1.0,0.0,0.0
329,330,1.8733417159854096,335.8925304878049,965.8845274390244,1.9617365320835811,1.4217903255519475,-1.3700758143110738,6.045717610879035,173.0,175.0,174.0,38.87842987804878,38.96951219512195,39.36623475609756,0.0,0.0,0.0
330,331,0.4040820927011211,347.20671378091873,629.0618374558304,0.8234269653316589,0.6732785836554995,-0.042009366291169775,2.576455054539434,114.0,113.0,109.0,42.05830388692579,42.21908127208481,42.08303886925795,0.0,0.0,2.0
331,332,0.9288176724455098,673.7993850883936,779.9976940814757,2.2866056408783413,0.5587243684453282,-1.0851339637617134,5.334574991065276,75.0,74.0,72.0,17.61260568793236,18.382782475019216,19.85857033051499,0.0,0.0,0.0
332,333,1.0130609355881464,753.3974630021141,438.9661733615222,1.5976504411001562,0.8634493365850622,1.2974306985098176,4.445239469036156,64.0,65.0,67.0,28.02536997885835,28.964059196617335,28.551797040169134,0.0,0.0,0.0
333,334,0.75105010869537,1099.0446768060835,1681.5769961977187,1.6174454779920495,0.7418288037228135,0.8696840357454865,4.301687312726892,89.0,85.0,82.0,44.832699619771866,42.143536121673,39.32509505703422,1.0,0.0,0.0
