,area,centroid-0,centroid-1,perimeter,orientation,major_axis_length,minor_axis_length,max_intensity-0,min_intensity-0,mean_intensity-0,max_intensity-1,min_intensity-1,mean_intensity-1,max_intensity-2,min_intensity-2,mean_intensity-2
0,4.111520087712428e-05,151.87566137566137,916.910758377425,0.030500581008752265,0.8009237575336428,0.011051612646545519,0.005588071949615717,116.0,0.0,30.25925925925926,130.0,0.0,34.21568627450981,141.0,0.0,36.21132897603486
1,0.00012865359681868413,553.5703979258258,1255.3247660917596,0.04771094848677812,-0.061099599850336174,0.013961306862499563,0.012499942306412671,235.0,4.0,142.24501032346868,233.0,4.0,137.8974535443909,210.0,4.0,123.37439779766001
2,8.07076165365773e-05,589.9271787960467,901.7216082659479,0.040702877893008006,1.4008429849778943,0.015674769345446465,0.007114964369735299,234.0,3.0,76.11328976034858,218.0,0.0,62.89760348583878,195.0,0.0,51.24183006535948
3,4.3116575734635095e-05,853.1556508577195,617.656659939455,0.02782474979581257,0.5174373527606922,0.010984355776366308,0.005074504424693242,106.0,0.0,15.88477366255144,110.0,0.0,15.380658436213992,111.0,0.0,20.38477366255144
4,5.260135223327329e-05,25.487799834574027,181.03094844223875,0.02896276288615742,1.5413271737930736,0.009941400864814227,0.006992668363438141,155.0,0.0,45.14839797639123,156.0,0.0,45.43001686340641,161.0,0.0,43.60370994940978
5,5.6865150842752845e-05,62.80553430247386,412.0492221372099,0.03290239092725697,-0.7445139982876237,0.01350039959593452,0.005426491791176193,210.0,0.0,79.57209302325582,219.0,0.0,90.66201550387596,218.0,0.0,91.34573643410853
6,5.9388623489179524e-05,69.651221001221,74.70360195360195,0.033420786004802895,-0.6817555713232312,0.012281378388859105,0.006529378511003053,254.0,0.0,103.88070692194404,255.0,0.0,109.08983799705449,255.0,0.0,108.17231222385861
7,8.540649663682008e-05,64.59942265240278,1168.8663610120564,0.03969573524924012,0.22879013296820577,0.0151722125786062,0.007427908953994654,172.0,0.0,20.008221993833505,193.0,0.0,27.008221993833505,196.0,0.0,33.21274409044193
8,8.427528476083571e-05,75.43017552916882,921.4355962829118,0.03970801565052114,-1.0712320375328608,0.01389926415599503,0.008200669836231128,155.0,0.0,43.50465356773526,166.0,0.0,48.04860392967942,172.0,0.0,48.40847983453981
9,3.87657608270029e-05,75.40506921062476,360.9737186681631,0.026644808792862733,-1.1419039287204793,0.009865148560833365,0.005445254289203941,130.0,0.0,36.45243619489559,145.0,0.0,51.2877030162413,164.0,4.0,63.23433874709977
10,7.531260605111337e-05,83.26973810899287,96.02671865973426,0.03834299588710828,-1.4858344483700348,0.015196575716345966,0.006600205289035539,191.0,0.0,74.82847141190199,206.0,0.0,87.01400233372229,232.0,0.0,108.2485414235706
11,0.00012673923825932596,102.83070145325551,455.33550749513677,0.047204833810513235,0.9406756214471329,0.01606546072502291,0.010806124763131869,225.0,0.0,118.37258953168045,224.0,0.0,119.84022038567493,211.0,0.0,112.65771349862258
12,9.358602866316861e-05,97.110529986053,186.58395320006198,0.038056694191392286,-1.263398163570306,0.01333443907905256,0.009214957091479467,255.0,0.0,142.43815915627997,255.0,0.0,131.59443911792906,249.0,0.0,123.2464046021093
13,3.79826141436291e-05,108.87562046582666,651.9105574646811,0.02851594323254049,1.1479484551060202,0.010513843259149398,0.005024633008676045,158.0,0.0,27.060747663551403,139.0,0.0,21.675233644859812,107.0,0.0,17.154205607476637
14,8.92352137555364e-05,129.4541280676093,308.1146188850967,0.04123355337183495,-0.014595631585868393,0.014959964181358896,0.007962697771232603,220.0,0.0,71.1884765625,235.0,0.0,79.4736328125,242.0,0.0,86.453125
15,0.00012117019517755675,129.18674446439258,177.46609814482346,0.047091330473979225,-1.10454766664331,0.016128133272021842,0.01040368861945656,255.0,0.0,138.22456395348837,255.0,0.0,140.89462209302326,253.0,0.0,137.96511627906978
16,4.163729866604015e-05,129.2782131661442,211.55442354580285,0.028515943232540492,0.5346335776259601,0.010814509197624075,0.005284634010182138,111.0,0.0,35.82505399568034,125.0,1.0,45.019438444924404,138.0,0.0,55.47948164146868
17,7.409437787697636e-05,143.92664905069486,533.0578880407124,0.03696060901365251,0.2828655595892236,0.012742509670035292,0.00814976726103389,104.0,0.0,19.47846889952153,112.0,0.0,21.960526315789473,115.0,0.0,23.229665071770334
18,6.382645469496436e-05,148.81521245171552,365.15672574414907,0.037508651602522404,-0.06432927290898509,0.01363953289121172,0.006812760589464555,153.0,0.0,62.49027777777778,160.0,0.0,69.62361111111112,152.0,0.0,72.18055555555556
19,9.619651760774793e-05,151.85236695311323,335.9346826473692,0.04316398283416068,-1.5146229103666733,0.0142802798511033,0.009576312888631268,235.0,0.0,99.49005424954792,221.0,0.0,90.124773960217,202.0,0.0,82.84719710669077
20,6.98305792674968e-05,180.8474039460021,167.1261163032191,0.038629297582824275,0.60857509765224,0.0151115550068707,0.006586701078989116,255.0,0.0,191.87767969735182,255.0,0.0,171.04918032786884,251.0,0.0,153.70744010088274
21,9.88940228504799e-05,185.7119812289192,297.87204868749086,0.04716290589790823,0.06170326786216792,0.01836776127295766,0.0077898428613061045,220.0,0.0,55.59910714285714,222.0,0.0,57.066071428571426,234.0,0.0,64.18928571428572
22,9.341199606686333e-05,176.38751746623194,332.62179785747554,0.04411183045528058,1.10551411232253,0.015818558465032155,0.008002936618526585,251.0,0.0,103.27239150507849,251.0,0.0,115.06371191135734,255.0,0.0,131.1246537396122
23,6.896041628597037e-05,242.0531545741325,430.3157202944269,0.035148769596622685,1.432565490591971,0.013496505322899952,0.006608506745485403,246.0,0.0,136.63449163449164,247.0,0.0,137.9021879021879,238.0,0.0,126.54954954954955
24,6.469661767649081e-05,278.81506388702087,344.6118583277292,0.038760168029401215,-0.2403390942613149,0.015284121150376993,0.006285441299968081,255.0,0.0,163.18573351278602,247.0,0.0,144.24899057873486,225.0,0.0,122.41588156123822
25,3.563317409350771e-05,281.4196174196174,103.6045991045991,0.023581452948954064,-1.3572620973785217,0.0075272149842060794,0.006240722697056252,132.0,0.0,52.92731829573935,149.0,0.0,65.31077694235589,167.0,0.0,77.4812030075188
26,9.828490876341139e-05,320.50826324332303,573.063966356795,0.049522787903807916,1.013149183427532,0.016542328456202862,0.010314534676648383,168.0,0.0,65.97124887690926,190.0,0.0,85.28122192273136,219.0,2.0,106.94788858939802
27,3.598123928611829e-05,361.48589278516727,335.33131801692866,0.026674456304186703,-0.4568250456503368,0.00972905285507504,0.0053363663022914,212.0,10.0,118.37592137592138,203.0,7.0,109.41769041769042,199.0,2.0,97.7960687960688
28,5.773531382427929e-05,373.8085908063301,589.0692037176589,0.03206804664267108,0.7395586962397614,0.011472921507113341,0.00672371665341033,172.0,0.0,38.837878787878786,189.0,0.0,55.657575757575756,207.0,0.0,66.08484848484848
29,9.663159909851115e-05,396.67432087648206,685.8710040522287,0.044254981303138596,-0.9873648118910178,0.015743201360184065,0.008761711903077635,196.0,0.0,57.864344637946836,207.0,0.0,71.4518790100825,206.0,0.0,88.27864344637946
30,0.00010037329991907484,419.0385059962433,413.6559745701488,0.044296909215743606,-0.7438983482733021,0.017719467456899233,0.007545337130932229,142.0,0.0,35.06713164777681,178.0,0.0,51.41499564080209,200.0,0.0,59.167393199651265
31,0.0001861713698975818,419.58025629041055,630.5686881670172,0.05386730768591939,-1.3721131684486194,0.019530338659322678,0.01231738462587281,253.0,0.0,111.39952718676123,254.0,0.0,111.87612293144208,246.0,0.0,104.56879432624113
32,9.393409385577919e-05,419.2781766249807,787.8427126756214,0.04031535326203902,1.5361917501833098,0.014281292712087579,0.008731113026725131,75.0,0.0,14.632022471910112,83.0,0.0,18.827715355805243,89.0,0.0,22.897940074906366
33,6.835130219890186e-05,421.4125822193932,295.7460216422661,0.034040404017601826,0.8490639864247718,0.012395339589305344,0.007277466751697345,255.0,0.0,131.34620334620334,255.0,0.0,121.57400257400258,234.0,0.0,104.3024453024453
34,0.00017599046301372247,434.3722702925422,465.21351462711164,0.05103095851507879,0.9204199977870472,0.017940964798299996,0.012503743454134564,255.0,0.0,226.38430983118172,255.0,0.0,213.27954319761668,245.0,0.0,181.84409136047665
35,7.861922538091384e-05,433.68760376314333,1198.1709094263051,0.03743707617859338,1.310371433582187,0.01455825828635054,0.007087039315791885,172.0,0.0,32.70337078651686,161.0,0.0,42.88314606741573,180.0,0.0,54.86067415730337
36,6.460960137833816e-05,454.9574635241302,410.8361391694725,0.035464718803662636,-0.547585960789231,0.014115444605801754,0.005928007112226193,143.0,0.0,38.44125683060109,158.0,0.0,46.431693989071036,176.0,0.0,50.12841530054645
37,5.573393896676848e-05,473.6491022638564,1062.8093937028364,0.029952538419882324,1.0949305540365055,0.009684605552814099,0.007595025408236767,120.0,0.0,19.28885400313972,127.0,0.0,30.24960753532182,137.0,0.0,40.47723704866562
38,3.824366303808703e-05,483.88945771710274,1179.4243458475542,0.02706198093515566,0.8912059149938388,0.009752624547500099,0.005521538988747951,102.0,0.0,17.882882882882882,105.0,0.0,25.11261261261261,112.0,0.0,34.67342342342342
39,6.748113921737542e-05,489.1625295508274,1046.93009886095,0.04098917958872398,1.093544257567407,0.015659452342560668,0.006770398054112263,98.0,0.0,4.277777777777778,97.0,0.0,7.857881136950905,102.0,0.0,12.082687338501293
40,4.7815455834877875e-05,495.2656960873521,453.3867151956324,0.029969905529925303,0.018506217683481204,0.011279890913460206,0.005801204765522487,190.0,0.0,89.38992537313433,172.0,0.0,74.05410447761194,172.0,0.0,63.009328358208954
41,4.2594477945719235e-05,487.15228123935987,476.6185733741913,0.02704970053387466,-1.4978800178526595,0.010278994071027303,0.0055599407568648765,144.0,0.0,50.16632016632017,154.0,0.0,50.45945945945946,180.0,0.0,60.08316008316008
42,8.157777951810373e-05,501.19533333333334,893.3172,0.03873052051807725,0.5225259574983314,0.013265959497409595,0.008497764761562311,125.0,0.0,46.80947255113025,131.0,0.0,50.96447793326157,138.0,0.0,48.48223896663079
43,7.261510080838141e-05,506.20506291192333,496.69437787098065,0.03313448430908692,-0.20493867184196513,0.01133158365826428,0.008239619837842571,132.0,0.0,26.707729468599034,138.0,0.0,34.39492753623188,151.0,0.0,42.44806763285024
44,6.034580276885861e-05,509.40879596250903,557.7870704157655,0.032919758037299934,-0.3085270140513594,0.009887649223093934,0.0085253947201316,146.0,0.0,22.13323353293413,161.0,0.0,31.15119760479042,180.0,0.0,39.88922155688623
45,2.8497837644990908e-05,502.65674300254454,173.9765903307888,0.025250141518125893,-0.4063813863914016,0.0069955272337304695,0.0066527018510421235,27.0,0.0,5.062111801242236,39.0,0.0,9.546583850931677,47.0,0.0,12.888198757763975
46,0.00010550726151008083,545.941443298969,488.25484536082473,0.04352185995380569,0.40183509351066043,0.01729141235964656,0.007861106923918757,199.0,0.0,47.03258145363409,210.0,0.0,56.379281537176276,228.0,0.0,66.91478696741855
47,3.163042437848609e-05,538.5291150848235,33.49312242090784,0.024558948081397945,1.1310675262331633,0.009813604610262636,0.0043919585930925695,121.0,0.0,60.78370786516854,142.0,0.0,62.0252808988764,139.0,0.0,57.82865168539326
48,3.4588978515675986e-05,544.3045073375262,60.224213836477986,0.02591168744352979,0.44002801875864545,0.009246907178662571,0.005288521269367419,143.0,0.0,25.734848484848484,164.0,0.0,36.015151515151516,181.0,0.0,44.53030303030303
49,4.128923347342957e-05,569.905865823674,512.328942746751,0.02873066950432745,-1.066450697341378,0.011164529252616394,0.005000296471731532,193.0,0.0,67.87931034482759,179.0,0.0,60.29956896551724,176.0,0.0,52.20043103448276
50,4.607512987182499e-05,578.3558388416745,289.09238275102297,0.028301216960753516,-0.8782491660076804,0.009820132789700668,0.006359202668693493,64.0,0.0,11.96504854368932,78.0,0.0,16.666019417475727,97.0,0.0,20.62135922330097
51,7.035267705641266e-05,587.8910018552875,473.23350855493715,0.03783688121084338,-0.8574596685744241,0.01512219706322259,0.006319196133499403,190.0,0.0,90.46134663341645,190.0,0.0,81.41147132169576,193.0,0.0,69.83665835411472
52,6.948251407488623e-05,601.3140784804842,939.7345543727823,0.03421320237678382,0.8485495076127234,0.012813712810133698,0.007067214474566733,146.0,0.0,54.48457583547558,146.0,0.0,53.152956298200515,148.0,0.0,48.97172236503856
53,4.685827655519879e-05,642.3877282575054,19.121402042711235,0.028170346514176523,1.522978864799542,0.008192963662323647,0.007521029781851861,114.0,0.0,35.04485981308411,146.0,0.0,50.854205607476636,168.0,0.0,66.22056074766355
54,6.356540580050643e-05,685.4267054528862,240.90468856947297,0.03608433681646158,0.23502507166767092,0.01408871855939712,0.006004091843777071,112.0,0.0,45.15944055944056,115.0,0.0,40.665734265734265,122.0,0.0,36.14965034965035
55,5.6343053053836985e-05,689.9180180180181,1211.6870012870013,0.033939181082348835,-0.7478951135733611,0.010383335068125603,0.008097018792002628,83.0,0.0,7.356012658227848,95.0,0.0,10.305379746835444,109.0,0.0,15.275316455696203
56,6.756815551552805e-05,677.0475960506546,509.0190491521786,0.03696060901365247,0.028120026478282285,0.011937391630319821,0.008298315281955291,85.0,0.0,16.4941935483871,105.0,0.0,23.781935483870967,112.0,0.0,28.616774193548387
57,5.033892848130455e-05,707.531331028522,1059.6436905790838,0.030917753151045186,-0.5305661389618994,0.011489603621752349,0.005924752268409015,83.0,0.0,32.18881118881119,90.0,0.0,34.3986013986014,100.0,0.0,34.34090909090909
58,5.843144420950044e-05,724.020910896004,238.29628940183667,0.029207136669268385,-0.1672293865025782,0.010657206743368019,0.007013398700282351,179.0,0.0,61.62267080745342,197.0,0.0,64.31832298136646,208.0,0.0,65.4192546583851
59,0.00016798496358367922,733.4873737373738,1033.4017741517741,0.056572786410183075,1.3233471511731585,0.022750275235490346,0.009869720648271654,138.0,0.0,40.75768629494529,144.0,0.0,46.94372068785826,160.0,0.0,52.13913496612819
60,9.959015323570105e-05,807.2579729139362,111.37046745303626,0.03959451231398711,1.2572399009562865,0.01337129211941585,0.0097679014918912,157.0,0.0,28.419213973799128,174.0,0.0,40.74410480349345,187.0,0.0,54.543231441048036
61,8.14907632199511e-05,841.6527407011923,780.600685175298,0.04025605823939106,1.1585456040288062,0.014677907128914843,0.008058140339325899,255.0,0.0,123.22912205567452,243.0,0.0,127.65631691648822,226.0,0.0,116.94860813704497
62,4.102818457897164e-05,879.2412513255567,1026.8025804171086,0.032818535102046964,0.5200200690050639,0.011098521141945991,0.006151722189500993,120.0,0.0,56.97136563876652,129.0,0.0,62.24669603524229,138.0,0.0,67.14757709251101
63,3.911382601961347e-05,918.8363922877271,158.90850945494995,0.025482234899955835,-1.5399191600714208,0.00919551497150547,0.005698502563136371,185.0,0.0,37.34324942791762,221.0,0.0,50.297482837528605,150.0,0.0,57.567505720823796
64,7.661785052340304e-05,22.19979178497066,210.75960628430815,0.03365287938663285,0.7403950240895731,0.01070639380967645,0.009234872750822692,231.0,0.0,33.977194982896236,247.0,0.0,41.31584948688712,254.0,0.0,48.24515393386545
65,0.00010994509271586568,28.302763487666535,94.53617596623137,0.04080410082826096,0.5578418977513501,0.012610528273296772,0.011323035151324554,233.0,0.0,132.66291230893,233.0,0.0,126.53982300884955,223.0,0.0,114.05953338696702
66,0.0004795033109701447,59.45606871729728,812.2840788797145,0.0846419099891067,1.5538005955486698,0.028357444853663708,0.021800463841118386,255.0,0.0,141.29254057997446,254.0,0.0,142.15046507386467,254.0,0.0,148.1728980485136
67,0.00013961765038591727,58.648930092448325,209.3372026591877,0.050715009308038815,1.4979910756346513,0.01709941738730537,0.011263354562600754,221.0,0.0,95.10901071203529,241.0,0.0,121.49905482041588,246.0,0.0,139.5009451795841
68,0.0005496384472811757,77.24041531438824,1106.8977281722473,0.09117351341793595,-1.116077515986612,0.03273458786578676,0.021444987610699868,245.0,0.0,110.22709923664122,242.0,0.0,114.68972646310432,251.0,0.0,125.7224872773537
69,8.175181211440903e-05,81.16462657441902,1195.817278694341,0.0361978401529956,-0.24620821106118024,0.011362006783942648,0.009606769255826247,153.0,0.0,45.954983922829584,173.0,0.0,55.841371918542336,184.0,0.0,56.966773847802784
70,0.00029111302546967044,86.96121655955761,1020.7925820754247,0.06706138499015482,0.743823320945624,0.021304187684034456,0.017970387377806065,251.0,0.0,84.21213035606517,255.0,0.0,95.76644538322269,255.0,0.0,110.89740494870247
71,0.00018251668537517076,99.53529996027017,379.53005562177196,0.0516505765278777,-0.40294258459755794,0.01645299475787917,0.014277158969889379,255.0,0.0,151.12937230474364,255.0,0.0,149.89841878294203,255.0,0.0,145.05031145184475
72,0.0001711175503171744,105.95815323332486,52.03807526061531,0.05150742568001969,1.1457731051239428,0.017439064519489466,0.012718170187178817,240.0,0.0,82.72797131147541,241.0,0.0,97.75819672131148,255.0,0.0,110.3109631147541
73,0.00045235422594651977,109.00203584367286,592.8612740854734,0.08100086404500417,-1.51347422047875,0.026801456316014924,0.02154745116986607,255.0,1.0,170.55514705882354,255.0,0.0,167.46981424148606,255.0,0.0,164.38215944272446
74,5.0774009972067767e-05,110.47957726363896,793.0698371893744,0.028158066112895508,-0.001537456703306213,0.009292194117421071,0.007193581748415844,110.0,0.0,17.883680555555557,142.0,0.0,26.20659722222222,162.0,0.0,34.49131944444444
75,0.00030033675307385073,114.98862813269594,747.7427205562799,0.06557777518144604,-0.6257809075674506,0.021037840558162896,0.01829438138858697,250.0,0.0,115.86268221574343,255.0,0.0,128.1134110787172,255.0,0.0,145.76413994169096
76,0.00020705528145421637,113.40868179589549,831.0603943405478,0.05500532077626426,-1.2500944572534187,0.018320271045480906,0.014585198681523335,255.0,0.0,120.4811200678829,255.0,0.0,138.36741620704285,255.0,0.0,147.42766228256258
77,0.00030903838288911514,111.4673846731428,121.35562438406308,0.0710899555652263,-1.4561312220292864,0.026758416973454605,0.014978315146566508,255.0,0.0,190.30987897551364,255.0,0.0,169.58851674641147,241.0,0.0,146.9254151421334
78,0.00013265634653370577,131.0306384606975,1130.1467967639662,0.0516505765278777,0.42796356294093263,0.016693350464930617,0.01149478965791303,237.0,0.0,154.586798679868,225.0,0.0,145.9062706270627,213.0,0.0,134.32475247524752
79,7.940237206428765e-05,131.14890410958904,27.1610502283105,0.036370638512177554,-1.467636966347766,0.012734381770512575,0.008153171124418147,191.0,0.0,65.42699115044248,228.0,0.0,87.18030973451327,254.0,0.0,111.68030973451327
80,0.00033105350632173404,145.96127392999517,682.8761116222017,0.07044069004110345,-0.16492355750390322,0.02294772541981082,0.01852998359951412,255.0,0.0,128.15319598520867,237.0,0.0,99.02799788695192,239.0,0.0,103.7810353935552
81,0.0002337692849870781,149.63077734350767,1094.9587753582728,0.05752063403130299,0.3439950447564721,0.017814712842050204,0.016757505373797756,223.0,22.0,141.6075854299662,251.0,27.0,168.9417949680811,254.0,23.0,170.99023657529102
82,9.741474578188495e-05,154.5909632276314,139.14187881494715,0.037479004091198406,1.036170141798122,0.011577316293179889,0.010779011838417934,255.0,0.0,133.9673913043478,255.0,0.0,130.03079710144928,248.0,0.0,118.5697463768116
83,0.00032583252843257544,179.4747407308497,204.06954644589842,0.08570326094676062,0.5693309759419326,0.03263422436376659,0.014612729441787434,255.0,0.0,168.006689858175,255.0,0.0,165.82766925341184,250.0,0.0,157.44072785656945
84,7.809712759199798e-05,170.74373259052925,111.36898792943362,0.03532156795580468,-0.20043242955424626,0.010642718318719262,0.00984786523973515,226.0,0.0,57.554410080183274,244.0,0.0,69.48911798396334,255.0,0.0,86.46506300114548
85,0.00017973216383428616,172.260025821028,1156.2597837488904,0.05147777816869574,-1.5417994339799665,0.016632877632351602,0.013860974743934211,209.0,0.0,68.75902439024391,200.0,0.0,69.1029268292683,205.0,0.0,71.06341463414634
86,0.00018808572845693998,168.5129925206261,566.3342200632277,0.053492063456231496,-0.5055258515890025,0.01746994041391194,0.013921841313671088,255.0,0.0,111.38329466357308,254.0,0.0,116.64083526682134,254.0,0.0,124.01252900232019
87,0.00015536760035154585,185.11210678614768,377.7745262764865,0.04867107650917909,-1.411093606019387,0.016392496868844492,0.01219790530148815,255.0,0.0,178.56295878035007,255.0,0.0,176.6781479390175,250.0,0.0,161.67871259175607
88,0.000964097075382219,220.46427335770267,616.743798607037,0.12984982562212719,-0.19567666656161123,0.051204018036793614,0.024174021324559442,255.0,0.0,194.19524111101057,255.0,0.0,190.2174975119877,255.0,0.0,176.09743960915588
89,7.948938836244028e-05,191.0397281517971,1110.7139664294837,0.03701990403630045,-0.7020992189164673,0.010965192775847833,0.009881150952631623,122.0,0.0,62.47671840354767,138.0,0.0,70.6219512195122,153.0,0.0,77.77937915742794
90,0.00031913227347482186,217.67129061576915,1005.8962622131334,0.0708578621833964,-1.3878410750341788,0.025278244390281413,0.0164421103788186,255.0,0.0,149.0809327846365,255.0,1.0,160.17201646090535,255.0,1.0,167.9599451303155
91,0.00013874748740439085,217.75303125326644,72.17740671056758,0.05297366837868553,1.4101813621552224,0.01706250132786191,0.011039161932040097,255.0,6.0,169.48366834170855,251.0,0.0,143.93153266331657,255.0,0.0,134.78706030150755
92,0.00028850253652509117,229.16169004172323,545.7576031769969,0.06704401788011187,0.1852384887532731,0.021592959584939734,0.017247848606321257,255.0,0.0,140.04146489104116,245.0,0.0,128.7975181598063,235.0,0.0,110.50635593220339
93,0.00028528293349344334,242.5152254587972,888.1974226017996,0.0728424999596082,-0.8183515269824879,0.028097175376775148,0.01315209172061679,255.0,0.0,161.37139349294046,255.0,0.0,155.8133824432167,245.0,0.0,140.93370165745856
94,0.0005539022458906553,231.42847511324064,693.882681381405,0.09521436439428851,-0.5910322904765866,0.030109517595537143,0.024389258335687843,255.0,0.0,98.8670766319773,255.0,0.0,113.73777988016398,255.0,0.0,124.88915168716493
95,0.00010394096814333324,232.23580298590764,309.90030696246686,0.03880209594200626,-0.3619316808214163,0.012561109607247616,0.010564444416854599,247.0,0.0,113.43844856661046,239.0,0.0,104.18381112984822,246.0,0.0,113.83642495784149
96,0.0007672662089609384,238.87628296002268,1183.835700784425,0.10455266948263434,-0.8906537357702394,0.0344667056637555,0.02835961991939617,255.0,0.0,173.82080727686184,255.0,0.0,178.46060261512224,255.0,0.0,174.5482660602615
97,0.0007335038852777125,251.24353461059374,797.8977054787749,0.10367639728544344,-1.4014599595297073,0.03613741408765675,0.025862630135156956,255.0,0.0,190.53349964362081,255.0,0.0,190.87122832026608,254.0,0.0,177.868020907579
98,8.270899139408812e-05,247.19077678414868,85.92547781869192,0.03988081400970311,-0.6731591516783937,0.01463459835015892,0.0077688396449482906,182.0,0.0,82.56873032528856,205.0,0.0,98.26337880377754,223.0,0.0,111.96432318992655
99,0.000368470514527371,256.5801747549888,1061.5181446058173,0.07711544431779065,1.5539701506891301,0.026453193877755604,0.01809734293488912,224.0,0.0,75.78786442284901,231.0,0.0,89.97606067788576,241.0,0.0,100.93647783835031
100,0.00046236110023407386,258.39415325742607,156.99258178852608,0.0831163722677929,-0.7180048576042641,0.0258738173206275,0.023191577837528354,255.0,0.0,159.03604453670505,243.0,0.0,143.64446121909793,234.0,0.0,134.6593696923948
101,0.0004170256088965463,260.5313075986785,250.36109372283082,0.08147733120994506,-1.4278233967948668,0.02995971405937408,0.017893124277206872,255.0,0.0,127.72611064543169,255.0,0.0,120.60373009220453,255.0,0.0,132.15465213746856
102,0.00019887574942786785,268.12396995551666,982.2023627215051,0.05442763067607034,1.5531149658201475,0.017422750998506445,0.0147853234023475,255.0,0.0,175.02211410880142,255.0,0.0,176.6218487394958,248.0,0.0,167.05572755417955
103,9.036642563152079e-05,276.7729497672926,525.3397929706307,0.038974894301188244,-0.6631381931374982,0.012220864779174652,0.010155342368422427,195.0,0.0,64.67783251231528,213.0,0.0,71.12807881773399,217.0,0.0,70.61182266009853
104,0.0002809321185858111,279.8058825047752,379.7277760569924,0.0642250358193142,-0.1677600849189469,0.019864118109684685,0.018201247270450145,190.0,0.0,103.28794503435353,206.0,0.0,100.49031855090568,227.0,0.0,115.13241723922549
105,7.452945936773958e-05,289.0308912239735,321.2278166958552,0.036227487664319546,0.6598574824160812,0.012974349979167146,0.007556684261004636,189.0,0.0,58.04941176470588,206.0,0.0,64.35176470588236,214.0,0.0,66.96705882352941
106,0.00013343949321707957,287.34757091620475,902.9967394848386,0.04352185995380567,0.4501683485249499,0.013654258853743235,0.012483023233440447,222.0,0.0,108.14266929651545,231.0,0.0,113.38461538461539,230.0,0.0,112.4516765285996
107,3.5807206689813e-05,289.8415350344269,872.5045565006076,0.025035415246338885,1.2583563203759718,0.00737240209222607,0.006778710216399679,50.0,0.0,6.027431421446384,68.0,0.0,13.458852867830425,88.0,0.0,20.81795511221945
108,0.00010811775045466016,293.95103957075787,1032.1446009389672,0.04793795515984615,1.3485193187667244,0.015504676193633028,0.010318996944240733,137.0,0.0,27.96029173419773,162.0,0.0,39.36061588330632,184.0,0.0,50.97568881685575
109,0.00034836974965411023,313.8876399816827,1146.46973481537,0.08000600180251738,0.7590650740620358,0.025823308771498205,0.018588546148044695,255.0,0.0,101.53064798598949,255.0,0.0,107.92869652239179,254.0,0.0,109.94045534150612
110,0.00030842926880204663,307.96730850613625,703.6103235059012,0.06678736369571986,1.3069746411055632,0.021900016310232282,0.018049949127503722,255.0,0.0,146.33314383172257,255.0,0.0,145.45054007959067,245.0,0.0,135.90960773166572
111,0.00013674611254688003,315.8460335136282,530.0705536111994,0.05159128150522975,-0.8523930041738692,0.020112604189569335,0.009278579099932523,225.0,0.0,130.5579014715291,215.0,0.0,118.3787587971849,210.0,0.0,95.18426103646833
112,5.147014035728892e-05,321.2943786982249,404.9004649196957,0.033724454810561855,0.07353696343509315,0.011290353728578189,0.00617878147529346,106.0,0.0,18.001724137931035,117.0,0.0,26.70344827586207,125.0,0.0,32.73275862068966
113,8.766892038878883e-05,330.06248966087674,378.7876344086022,0.03549436631498663,0.5909665750393445,0.011634731731334285,0.00964060255214908,233.0,0.0,60.31653225806452,255.0,0.0,76.45564516129032,255.0,0.0,88.84778225806451
114,0.0004810696043368923,335.32027222573936,631.1185749600555,0.08349161649748084,-0.8678490398950729,0.026583685436579015,0.023143206376211527,224.0,0.0,73.00217904485201,233.0,0.0,92.67005629199201,250.0,0.0,113.3987652079172
115,0.00011916882032004595,339.65337105999754,196.7664902032372,0.04363536329033971,-0.38114161806640395,0.01422525231917049,0.01121754455226028,244.0,4.0,126.89036055923474,239.0,4.0,125.85651214128035,238.0,4.0,125.13097866077999
116,0.0009852420358333117,341.4628505188783,113.33675204239347,0.11926000410690248,1.4346367320067483,0.03909957553001556,0.03219861941337688,255.0,0.0,118.54657231313578,255.0,0.0,136.04281291463954,255.0,0.0,153.31915081822203
117,0.0006994805127000287,350.77356368310836,865.4982324645974,0.09999342342873584,0.2626251292123016,0.033059235398514165,0.02701571228962585,255.0,0.0,127.96043928616,255.0,0.0,141.54186946212405,255.0,0.0,142.95794334206914
118,0.0004353860478067542,360.2154991505946,939.2230272142833,0.08738931662597538,0.4519269870215519,0.03126226194867818,0.018436568507042134,230.0,0.0,120.48341041624774,236.0,0.0,126.70963201286949,236.0,0.0,125.03458676855017
119,0.0009722766074085677,353.2226697095807,1067.3780447785684,0.11843794022359762,-1.2560178052870192,0.03938983732222333,0.031459908109354257,255.0,0.0,209.57051799982045,255.0,0.0,203.67187359727086,251.0,0.0,185.78759314121555
120,0.00011821164104036686,356.99585940375414,688.9729174334437,0.04163844511284687,0.2625042798835481,0.012831363021212764,0.011852961650381771,163.0,0.0,48.404334828101646,182.0,0.0,56.879671150971596,204.0,0.0,65.31315396113602
121,0.00030433950278887237,362.3559804622349,436.3127591136526,0.06599494732373898,0.3309333980408991,0.020241179188493358,0.01923193351692829,255.0,0.0,213.5343137254902,254.0,0.0,197.17358708189158,235.0,0.0,172.39648212226066
122,0.0007804056699819876,381.3386017728717,239.78233075021836,0.10722850069557402,-0.6198357074827522,0.03787614142912764,0.026271426508062638,253.0,0.0,146.88370014523517,255.0,0.0,165.839235839571,254.0,0.0,172.06569098424757
123,7.392034528067108e-05,394.28237198351974,176.31601922699627,0.035249992531875635,-0.016842884587203556,0.011362990064971797,0.008935411205701595,243.0,0.0,154.00584795321637,249.0,0.0,164.25847953216373,255.0,0.0,164.16725146198831
124,0.0001052462126156229,405.8171420697258,983.748105277663,0.04425498130313861,-0.05216475046647822,0.016189742236638636,0.008565093885223895,72.0,0.0,15.711538461538462,93.0,0.0,25.418060200668897,116.0,0.0,34.93896321070234
125,0.00021610497646209134,406.79162472317296,1154.4716461982418,0.06799695220999366,0.07241310969065974,0.02687034209171982,0.011738548647050318,255.0,0.0,105.06351791530945,250.0,0.0,91.60871335504886,230.0,0.0,75.60301302931596
126,0.0002124502919396803,428.0123387261929,936.3436241381664,0.05858707169771884,-1.1689943403844776,0.02116635059695152,0.01296825699158248,130.0,0.0,37.10628618693135,163.0,0.0,53.14846980976013,194.0,0.0,66.12489660876757
127,0.0004707146648567277,435.51016729827154,128.80571217302892,0.08183520832959008,-0.8834162591025921,0.026659857239484136,0.022532907903863187,255.0,0.0,175.61448467966574,255.0,0.0,172.59647168059425,255.0,0.0,161.41708449396472
128,0.00041189164730554034,425.0761416851519,1101.6537269814444,0.10513035958282822,-0.7215227132929244,0.03182288368812528,0.01782367164384754,255.0,0.0,134.56153683766098,255.0,0.0,139.26493561325734,255.0,0.0,136.3930757863627
129,0.00014771016611411317,437.4275650466372,1252.6367452135494,0.05116182896165574,1.4310568299791817,0.01569339052718355,0.013031843727171725,255.0,0.0,151.73882352941177,252.0,0.0,124.76588235294118,250.0,0.0,111.97470588235294
130,0.00040205880561429154,438.3659957436064,1026.0335461530137,0.07652547381631572,-1.1079126578773542,0.024247789219711848,0.021201367927711722,255.0,0.0,94.60862031622266,255.0,0.0,100.61056963396145,255.0,0.0,110.87372752869828
131,0.00039735992551404877,439.8571024489945,856.3304226431621,0.07995179348863127,1.281210609687696,0.02883087967558081,0.01783393199637298,255.0,0.0,171.12070484581497,255.0,0.0,155.52555066079296,242.0,0.0,143.40242290748898
132,6.600186214878046e-05,451.1599099099099,381.50796528235554,0.03445757615989477,1.0550572791891268,0.010079080351536143,0.009240560248003444,153.0,0.0,51.54993342210386,153.0,0.0,46.99334221038615,161.0,0.0,45.79627163781625
133,0.0007530825523620574,450.665756735417,711.1906281895738,0.1039207710685544,-1.4135943614717392,0.03375104165619647,0.028426545889907156,255.0,0.0,183.29507817023742,255.0,0.0,178.90607990735379,253.0,0.0,168.5511291256514
134,9.584845241513736e-05,458.88701013769105,80.33095021939779,0.04678766166822027,0.7376664628953716,0.017978356771003137,0.008049302729736576,183.0,0.0,90.78440366972477,205.0,0.0,105.38256880733945,212.0,0.0,110.38073394495413
135,0.00011133735348630798,466.7547544613781,570.5023121010812,0.04212719267906884,-0.8013153091343762,0.012336052667221565,0.011910550665189569,178.0,0.0,80.98439937597504,186.0,0.0,81.34399375975039,204.0,0.0,89.43057722308892
136,0.00012386770042028872,471.4459079733052,1211.4727783631893,0.046024892807563375,0.820516431955732,0.01417946791822144,0.011909379067941168,147.0,0.0,36.66975088967972,143.0,0.0,36.78576512455516,158.0,0.0,42.59644128113879
137,0.00032574551213442277,492.00773563064865,40.550676728551714,0.07047033755242739,0.021872082097163643,0.0248644673230059,0.01700769874781931,255.0,0.0,139.35041588408907,255.0,0.0,168.41856721223505,255.0,0.0,169.3048027904481
138,0.0005635610549855988,492.8262950667799,803.4129673949407,0.09280027407450268,0.18800481228610766,0.030723616316671965,0.023766298613632112,255.0,4.0,184.0092908021059,255.0,0.0,163.12712914214927,242.0,0.0,136.2318055125426
139,0.0001972224397629676,506.8548606515185,1247.5518971983233,0.052830517530827556,1.1532410205463632,0.01624893259400135,0.015464699870494954,180.0,3.0,91.18125277654376,199.0,8.0,108.08307418924922,216.0,12.0,121.74811195024434
140,0.0006172501109457802,498.86544606564695,649.7472862479735,0.12247879119995018,0.6350114049726432,0.03900777664648864,0.02263939894932842,255.0,0.0,148.41673722833758,255.0,0.0,162.43084956251764,255.0,0.0,162.70476996895286
141,0.000788150120517573,512.7299291563161,1126.2714693164044,0.10796162204490697,1.2596199032740294,0.03559642272892955,0.02827181369672135,255.0,0.0,178.70235854279704,255.0,0.0,171.67224006200863,255.0,0.0,157.26530838223894
142,0.0003979690396011173,513.923071316643,291.8332240078714,0.08370634276926785,-0.8016785915403453,0.025208473930963336,0.021660187788974935,246.0,0.0,151.22207592714506,241.0,0.0,151.19727891156464,233.0,0.0,139.07285494843097
143,0.0005179645147536133,520.5402981940362,987.4988590228195,0.08774719374562036,0.21554745356264335,0.027059645940236732,0.024859420073982494,255.0,0.0,155.03425692695214,255.0,0.0,160.20722082283794,245.0,0.0,154.89387069689337
144,0.00016215487160745209,520.1614122171541,862.2724040783472,0.05803902910884894,-1.146574618842803,0.01734624250408584,0.014182875247545208,134.0,0.0,46.703764320785595,146.0,0.0,59.304964539007095,158.0,0.0,71.9214402618658
145,0.00013953063408776465,527.9092609915809,1203.1353809375325,0.05914739468786977,-1.1822025919802128,0.018481829117142773,0.012006154235496228,182.0,0.0,106.05725190839695,184.0,0.0,101.29007633587786,183.0,0.0,98.75699745547074
146,0.0004617235543566404,576.9238338607076,1185.54100932389,0.08766937692488713,-1.1451924205192288,0.03624928629555389,0.016405190849550885,255.0,0.0,117.38338718874739,255.0,1.0,121.13077361718304,254.0,0.0,118.76145219540011
147,0.0006305636045631347,553.6368764231008,732.3095689873272,0.09600678076626937,-0.856544869107301,0.03234085261505648,0.025008830293038815,252.0,0.0,118.66223146223146,255.0,0.0,133.28967428967428,255.0,0.0,143.54386694386693
148,7.583470384002923e-05,544.6518932874354,1071.4391375023906,0.0368593860783995,0.3763293640768454,0.012094409840543644,0.008681142351804326,174.0,0.0,43.00585480093677,205.0,0.0,47.30679156908665,226.0,0.0,56.886416861826696
149,0.0002646600708312667,549.5508931996274,919.5679626280892,0.06275879312064836,-0.5952377702507361,0.01941400692522006,0.01758312919138706,241.0,0.0,106.12611717974181,240.0,0.0,107.19033432638199,238.0,0.0,106.67924528301887
150,0.0002657912827072511,580.1886287990396,658.2176842909369,0.06991001456227644,-0.057582226429505126,0.020607026765093246,0.017603676224554995,244.0,0.0,86.07203667321545,255.0,0.0,93.67419777341192,255.0,0.0,103.07301899148658
151,0.0005631259734948356,565.158728012568,430.65692523629247,0.09202013810380291,-0.6086007092003454,0.03150961151780265,0.023088070629958605,255.0,0.0,161.38680124223603,249.0,0.0,148.3694099378882,254.0,0.0,150.38260869565218
152,0.000541284882658522,562.715811965812,347.67917236020685,0.08780648876826833,-0.30334647797726744,0.026581407393957566,0.02597260134506818,255.0,0.0,155.6441005802708,255.0,0.0,158.462443584784,255.0,0.0,162.40038684719536
153,0.00026039627222178714,563.3946672236146,860.1718602060707,0.06206759968392045,-1.2225515800880276,0.02089179257116025,0.015988849121261056,255.0,0.0,48.41918175720993,255.0,0.0,62.69584171696848,255.0,0.0,76.63212608987257
154,0.00018817274475509263,568.3139306358381,613.7504624277457,0.05533355038458528,-0.197325684790434,0.01952682452040103,0.012665138177877783,255.0,0.0,159.35444806707034,255.0,0.0,145.36981835118772,245.0,0.0,135.1970190964136
155,0.00041511125033718817,588.5020962163295,234.83298396394508,0.0797789951294493,-0.8790829683218871,0.027864277365460793,0.01921761593849822,255.0,0.0,175.4782425010562,255.0,0.0,170.80207013096748,247.0,0.0,162.85424588086184
156,0.0003597688847121066,617.288507276172,544.5116297819164,0.08271148052678103,-0.623211419058684,0.033349936453105064,0.01383095297751738,255.0,0.0,114.97717892692401,255.0,0.0,129.28380674921098,255.0,0.0,130.61738285991746
157,0.00032035050164895887,607.8125877133415,168.2380709855584,0.06998158998620549,-0.31292958424155654,0.025153352561660514,0.01633613607540813,227.0,0.0,127.48279628618242,229.0,0.0,130.00573457127254,229.0,0.0,117.08519934462042
158,0.0006191644695051383,603.6139121167405,96.16711756025578,0.09384934463087559,0.10813208205905636,0.029121143764048545,0.02723476465688343,255.0,0.0,153.95603776243482,255.0,0.0,160.01338593772016,255.0,0.0,167.97224179230662
159,0.0006632817326685289,628.2055537334645,793.6572318793047,0.09882576282706705,0.7557065120567307,0.035413750052377006,0.023861406842014363,255.0,0.0,220.40718799368088,255.0,0.0,200.24302264349657,252.0,0.0,172.21985255397578
160,0.0004773279035163286,630.4868972746332,335.44237079573423,0.09639430539723834,-1.3051421321269756,0.03149335618099086,0.021564080029118696,255.0,14.0,194.86392694063926,255.0,4.0,179.02429223744292,244.0,2.0,158.4849315068493
161,2.9977114713585854e-05,637.0752298016449,215.3531688437349,0.021078420095196376,-1.3270533636506283,0.007047750862784958,0.0054953736996488445,175.0,0.0,76.0,193.0,0.0,87.03076923076924,205.0,0.0,92.32923076923078
162,0.00017947111493982822,633.7399191919192,483.5768484848485,0.05255649623639259,0.9452890930313774,0.016777637518931156,0.01394121468624991,223.0,0.0,99.75485436893204,221.0,0.0,96.70291262135922,234.0,0.0,111.77961165048544
163,0.00023768501840394705,633.4960339251937,1073.6368600890842,0.06061363738653563,0.9474921539698308,0.020510088495368162,0.015130227495636708,254.0,0.0,136.75811209439527,213.0,0.0,107.71607669616519,219.0,0.0,116.80862831858407
164,0.0007768380017577292,646.8128115373845,906.3482544572015,0.10760374492526195,1.0373971869382248,0.03772052340327713,0.02625818892658219,255.0,0.0,141.96157303370788,255.0,0.0,155.2441573033708,255.0,0.0,168.82438202247192
165,0.0006217749584497177,646.8643202015254,605.1728593753644,0.09510086105775446,-0.9733716026130987,0.030678053843721978,0.026015561584216886,255.0,0.0,176.79440697020797,247.0,0.0,164.96571107363687,250.0,0.0,154.1025857223159
166,3.5459141497202424e-05,645.9342535787321,234.69826175869122,0.024099848026500004,0.23659938147047646,0.007993354035817656,0.005932334514758552,173.0,0.0,67.7089552238806,174.0,0.0,72.30348258706468,182.0,0.0,72.93532338308458
167,0.0007426405965837401,656.5354492549847,1013.4548743335872,0.10803319746883594,0.5959924073983801,0.039058447309858975,0.024372524385575457,255.0,0.0,126.13978620932691,255.0,0.0,137.86150593210385,255.0,6.0,148.36403148126394
168,0.0003864828882449683,665.3034823070284,738.0259672032722,0.08281270346203402,1.1982698650572767,0.028874351750122398,0.018176562006546805,251.0,0.0,76.6526172671652,251.0,0.0,88.26082030364832,251.0,0.0,102.50237933378654
169,0.0001347447376893692,667.9967441610161,209.36753309654503,0.04463022553282654,1.1370951660805593,0.014419677764148093,0.012081273610510344,156.0,0.0,53.53997378768021,173.0,0.0,69.94692005242464,204.0,0.0,85.68152031454784
170,0.0009287684583322456,675.1159062163301,1140.832064614856,0.12052380093506239,-1.1982571038831213,0.0428972414344523,0.027734480389516324,255.0,0.0,91.3724513764916,255.0,0.0,103.0691534341821,255.0,0.0,116.4073099689937
171,0.00010785670156020223,671.2468065080005,368.70592981040744,0.04337870910594771,-0.6231123387973341,0.012997622967242994,0.011280700499734076,157.0,0.0,33.23208469055375,138.0,0.0,44.6042345276873,144.0,0.0,59.70195439739414
172,0.00021958562838819711,673.1004722277261,76.64046298130903,0.05946334389490975,-1.28760086401111,0.020844160361492416,0.013693023652582209,249.0,0.0,133.92353643966547,255.0,0.0,139.38470728793308,255.0,0.0,136.73197929111907
173,0.00014684000313258674,688.4517530864198,324.012,0.050947102689868774,-0.7934962081943899,0.016448419280527354,0.012327563036376435,251.0,0.0,126.57966706302021,246.0,0.0,128.34126040428063,251.0,0.0,132.7615933412604
174,5.190522184805214e-05,694.9197401508801,35.93790164850517,0.029839035083348335,-0.14402982894393038,0.009148012955894569,0.007629729413402066,176.0,0.0,25.80952380952381,166.0,0.0,25.841836734693878,164.0,0.0,27.44557823129252
175,0.00014570879125660235,701.7287498755848,811.8586393948442,0.047091330473979204,0.8163476652453349,0.015563618144499698,0.01210904002295327,223.0,0.0,84.4483793517407,220.0,0.0,84.94597839135655,211.0,0.0,74.51440576230492
176,6.304330801159057e-05,705.5300782148609,875.800609615827,0.033336930179592876,-1.105454885824618,0.010400193552878963,0.008459255197342802,82.0,0.0,21.922758620689656,92.0,0.0,29.81241379310345,102.0,0.0,33.36
177,0.0002661393478998616,708.1494877663342,277.20586071603725,0.06428433084196215,-0.4043216134390358,0.02142797474320321,0.01607558191424378,240.0,0.0,141.5297969875573,195.0,0.0,95.68893254747871,209.0,0.0,104.21938441388343
178,0.00044182525387004984,710.5923600853438,161.50110782865585,0.08477278043568366,-1.5481519870835163,0.03205169848970712,0.017884276212390304,255.0,0.0,191.82393533123027,255.0,0.0,188.90496845425866,255.0,0.0,177.1023264984227
179,0.00011751551065514571,716.1367394792053,459.31938788103173,0.04494617473986651,-0.04831468909991152,0.014133973711387459,0.011220566303446105,240.0,0.0,121.24814814814815,241.0,0.0,119.96444444444444,246.0,0.0,117.3037037037037
180,8.035955134396672e-05,726.0141671178487,321.8878361306623,0.04205561725513982,-0.5264292564778668,0.013178578618422287,0.009204951604231348,188.0,0.0,59.68864864864865,185.0,0.0,56.48864864864865,202.0,0.0,64.92864864864865
181,0.0003228739742953855,741.1697547500337,502.2558168261241,0.06786608176341673,0.010340230351395672,0.022133089629199604,0.01860965150773038,252.0,0.0,114.92111683383031,254.0,0.0,129.41745730550284,251.0,1.0,141.56817565735972
182,0.0006705040854151983,735.2248285856423,938.9672744576385,0.10228173001070655,1.519618293273808,0.03283740346277065,0.02658614021067946,255.0,0.0,88.16840052015604,255.0,0.0,105.24889466840052,255.0,0.0,120.89232769830949
183,0.0005122214390755388,746.5507234066649,629.8810696792095,0.08517258546793367,-1.0460823742837408,0.02659391410920617,0.02456710162169368,255.0,1.0,170.52855924978687,255.0,1.0,187.9166240409207,255.0,0.0,173.87485080988918
184,0.00042120239120787325,749.9400285783149,739.4599473194918,0.08044054105485322,1.3594568625039305,0.028817981010322076,0.01874781407771389,255.0,0.0,165.6347664324101,251.0,0.0,164.6949152542373,237.0,0.0,145.94357172385284
185,0.000492381723096736,744.0210082177256,1173.710089540809,0.08794963961612631,-1.0479180768321643,0.030407886655650175,0.021101611064112295,217.0,0.0,106.566001060258,215.0,0.0,111.46916416327973,212.0,0.0,111.14790599045767
186,0.0008524551648523769,765.4583184470645,395.70137293931504,0.11361695327654527,-0.5895817502576899,0.04056983986384973,0.026794694247424727,255.0,0.0,149.9012787723785,255.0,0.0,158.66895140664963,255.0,0.0,164.1183631713555
187,0.0002871972920528015,730.3471948694643,561.9249103671161,0.06588144398720498,-0.2679578962864278,0.022386392651946585,0.01649793323822017,233.0,0.0,80.84718826405867,248.0,0.0,90.76558679706602,251.0,0.0,97.85941320293398
188,0.00022054280766787619,760.7356973762083,69.34071480239363,0.057794655325737944,0.8930399517382523,0.017987212188433938,0.01579643643305296,200.0,0.0,87.68717948717949,228.0,0.0,105.29940828402367,240.0,0.0,119.0741617357002
189,0.00024534245264137974,771.8801501448247,302.3655790033694,0.06026804066817168,-0.6207586238890332,0.02035154961113262,0.015408986198785847,255.0,0.0,146.13468372423597,254.0,0.0,149.26865671641792,247.0,0.0,142.8230277185501
190,8.279600769224076e-05,778.500394114556,115.77312138728324,0.03573874009809761,-1.501337498537796,0.012185196349262472,0.008940529021681742,218.0,0.0,85.07594936708861,228.0,0.0,89.61075949367088,234.0,0.0,91.12658227848101
191,0.00011629728248100869,781.1524192542711,235.7516835016835,0.0425147173100378,0.12695042966077238,0.014372636454232965,0.010412656323852017,189.0,0.0,76.74811463046757,194.0,0.0,85.43589743589743,191.0,0.0,89.50980392156863
192,0.0001543234047737141,787.6972558970022,545.8489333709238,0.04803917809509914,0.7478692950241931,0.016585585823617768,0.01188756085749418,213.0,0.0,90.24603174603175,214.0,0.0,86.29818594104309,213.0,0.0,85.0062358276644
193,5.46027270907841e-05,794.4356573705179,472.92051792828687,0.031221421956804142,-0.2673710871298261,0.010681460514985646,0.006789337972085399,83.0,0.0,28.21324717285945,102.0,0.0,40.34087237479806,140.0,0.0,53.276252019386106
194,9.062747452597872e-05,794.2633621379421,937.7692830852936,0.03844421882236126,1.2903835740447676,0.012969913206890568,0.009372612466390737,203.0,1.0,83.58157389635316,199.0,0.0,78.84069097888676,200.0,0.0,78.86948176583493
195,0.0008541954908154297,800.1248408292162,1018.9203891407325,0.11361695327654527,0.8091788904383475,0.03643053842913132,0.030276110618127447,255.0,0.0,205.00876209882833,255.0,0.0,187.30565461029036,255.0,0.0,167.10035659704533
196,0.0002136685201138173,800.4508077105817,725.2383934025656,0.059767012700668684,0.602023687199081,0.019173280693947845,0.014724652931487673,228.0,0.0,118.95668165100123,244.0,0.0,130.81569268492032,251.0,0.0,136.13118103800574
197,0.00026057030481809243,805.8301051928536,785.5943674514388,0.06213917510784943,1.1198433660919664,0.020199424032858744,0.01652580607930302,254.0,0.0,124.58939953035895,255.0,0.0,135.34485072123448,255.0,0.0,134.97651794699766
198,0.0006198605998903595,817.0255960319131,873.8840574623897,0.1004525234836338,0.6867173244840802,0.03771900880454073,0.021015056019032755,255.0,6.0,178.5684921864001,255.0,2.0,179.6814022244122,255.0,0.0,174.6750668731522
199,0.0009923773722818284,834.8627332777997,1128.333336986862,0.1231699846366781,0.5015310874628499,0.04468154798197923,0.028348989520266227,255.0,0.0,138.86562307624658,255.0,0.0,147.36856916717966,255.0,0.0,157.87828687010818
200,0.00014231515562864925,812.7477835524304,323.624579639254,0.04803917809509914,-0.4945831322749491,0.016692459411851424,0.011114124302985938,180.0,0.0,54.47355473554735,187.0,0.0,55.19311193111931,205.0,0.0,65.81180811808117
201,0.0005755693041306636,826.9278983042306,661.5340791695013,0.09113158550533089,1.1780197815157372,0.02949323667420461,0.024925177098367588,238.0,0.0,135.35922330097088,244.0,0.0,145.08646844660194,251.0,0.0,152.04960558252426
202,0.00041789577187807274,831.4117907339927,60.090603852160335,0.07700194098125664,1.3180208150677923,0.02522663708665869,0.021145714116174844,255.0,0.0,142.915705598658,255.0,0.0,143.3564688613965,255.0,0.0,143.9784021807507
203,0.0004189399674559045,837.4300463876484,506.0101516252986,0.08178100001570401,-1.5344163387545706,0.028060988986509237,0.01935860578757844,255.0,0.0,87.91389759665621,255.0,0.0,101.19895506792058,255.0,0.0,113.66499477533961
204,5.6778134544600203e-05,839.7312899106003,724.3582375478927,0.030517948118795213,-1.566458871985506,0.01017185203892249,0.007449268680923377,178.0,9.0,83.43416927899686,189.0,5.0,75.26959247648902,183.0,0.0,61.18025078369906
205,0.0001671148006021528,848.5501171569904,254.01748676559924,0.0508458797546158,-0.18684344096258154,0.015426679832913374,0.01416791731203607,239.0,0.0,104.13902053712481,247.0,0.0,117.95681937862032,250.0,0.0,124.55344918378094
206,0.0009893318018464859,849.2625738452292,177.92763534016447,0.11990418292226347,-0.6832839151691764,0.04059115450603822,0.031181829438022335,255.0,0.0,126.36552513425478,255.0,0.0,142.64627167884498,255.0,0.0,159.17087771810898
207,0.0004957753587246891,858.1742869679684,361.56434108527134,0.09235345442088574,-1.277117412902057,0.03261428567553613,0.020353949229915284,213.0,0.0,94.10988433228181,236.0,0.0,106.55748335085875,252.0,0.0,124.90203294777427
208,0.0003140853281819685,862.2688622616245,440.78714734266055,0.0747432819106099,-0.004871397888651883,0.021711148285151315,0.019785130393875926,245.0,0.0,111.96313747228382,244.0,0.0,126.49196230598669,237.0,0.0,126.16879157427938
209,0.00046784312701769043,875.1485709414427,981.7216203230106,0.08534538382711561,0.49210911245049394,0.029760162600187007,0.02022831563054177,255.0,0.0,114.78879551820728,255.0,0.0,118.30177404295051,255.0,0.0,118.5703081232493
210,0.00031626073563578456,886.1869239235108,797.6283876736827,0.07041104252977948,-0.331639257803944,0.02371631072542999,0.01716322071690097,255.0,0.0,118.36153210250758,255.0,0.0,126.55662717001928,253.0,0.0,126.08321851749794
211,6.56537969561699e-05,893.3179810028716,38.487850673735366,0.034487223671218765,-1.5112716856372128,0.010846524602253825,0.008657780168546876,185.0,0.0,81.99602649006623,222.0,0.0,106.06622516556291,245.0,0.0,125.59470198675497
212,0.00020105115688168394,904.709748972084,610.0121366226647,0.06418310790670917,-0.34527403960273895,0.02213010628561387,0.013526833338038228,205.0,0.0,69.11252747252747,220.0,0.0,79.3578021978022,217.0,2.0,91.41802197802198
213,0.0006479668641936635,901.0635757290897,547.0840999127107,0.09829508734824005,-1.219141526229926,0.031453503950862605,0.026567433015116222,255.0,0.0,183.8617207486199,255.0,0.0,177.7153628652215,255.0,0.0,176.26915309007674
214,0.00019643929307959382,904.5831487633814,413.22711332595054,0.05881407837078688,0.9285466330332258,0.018943375742769383,0.013851402222008589,240.0,0.0,86.7919254658385,255.0,0.0,101.35403726708074,245.0,0.0,100.46894409937889
215,0.00019791857014818875,914.922840184656,113.89470213233677,0.05579265043948323,-0.8759753414134696,0.017503722531733348,0.015083677985022168,205.0,0.0,72.9184128399465,239.0,0.0,89.92242532322781,249.0,0.0,102.91618368256799
216,0.00012926271090575264,38.927465499831705,945.4681364299338,0.051764079864411706,-0.7033154440650785,0.020394458734661523,0.008813350456703001,255.0,0.0,136.2337837837838,255.0,0.0,145.6945945945946,255.0,0.0,149.4
217,0.00013813837331732234,37.344881889763776,135.31695538057744,0.05227019454067662,1.165385271013175,0.017174913932899136,0.011786450951890721,194.0,0.0,69.16022799240025,213.0,0.0,87.41545281823939,232.0,0.0,108.86827105763142
218,0.00011055420680293419,71.8222484586121,145.11484979666798,0.042055617255139816,-1.4620068468259177,0.016088351397450854,0.008777676440506645,255.0,0.0,138.76232114467408,255.0,0.0,130.0596184419714,253.0,0.0,116.94753577106518
219,0.00015641179592937757,37.37994900324525,756.2328465461288,0.05358100599020345,-0.392983669692976,0.017480901747083936,0.012701371420540586,238.0,0.0,99.73790776152981,241.0,0.0,108.51743532058492,248.0,0.0,122.17885264341957
220,8.688577370541502e-05,63.756217659823065,316.11592388582875,0.04154950257887495,-0.33610104385866085,0.01465540430156878,0.007881350911391178,158.0,0.0,65.63663967611336,168.0,0.0,75.1589068825911,170.0,0.0,79.8076923076923
221,7.444244306958694e-05,56.895334112604715,973.3387395285408,0.03661501229528851,1.2538033069784147,0.013125147927107297,0.007588161587132196,207.0,0.0,38.92680047225502,216.0,0.0,45.22550177095631,223.0,0.0,48.19598583234947
222,8.914819745738377e-05,59.289002765576704,443.9524971530828,0.03762215493905639,-0.8464657784148357,0.01390852854496496,0.008217955423049409,201.0,0.0,81.51574803149606,212.0,0.0,82.02066929133858,218.0,0.0,81.72047244094489
223,7.087477484532852e-05,59.47344996930632,104.51417024759566,0.03230014002450103,1.2351745134272398,0.010987749955905625,0.008241890226196343,243.0,0.0,131.815,235.0,0.0,125.615,222.0,0.0,107.21125
224,0.00011081525569739212,64.86690223792698,273.8865331762858,0.04567929608919944,-1.0133333018373585,0.015351338998211183,0.00998806122283957,243.0,0.0,84.00079365079365,252.0,0.0,85.95,251.0,0.0,81.75555555555556
225,5.268836853142594e-05,85.98018166804295,421.11698320946874,0.028343144873358497,1.2106319577780937,0.009085801172009467,0.007506633748046827,176.0,0.0,52.745,191.0,0.0,62.61,198.0,0.0,67.46833333333333
226,4.320359203278774e-05,62.87151728768043,344.6261329305136,0.02837279238468249,-1.4910063884762519,0.01091663610461368,0.005299947642301788,201.0,0.0,53.52663934426229,207.0,0.0,55.66803278688525,204.0,0.0,52.24180327868852
227,5.599498786122641e-05,100.26819476819477,1151.867391867392,0.034082331930206815,-0.5894391871676774,0.013066987958659073,0.006079162177913975,143.0,0.0,53.04858934169279,163.0,0.0,62.675548589341695,172.0,0.0,65.9294670846395
228,0.00012813149902976827,75.10367855121675,880.1163554046407,0.04637048952592733,-1.0174049912952168,0.0173059271665823,0.009633665734804023,210.0,0.0,127.64246575342466,201.0,0.0,120.5513698630137,201.0,0.0,113.58630136986301
229,0.00018103740830657583,95.23519987182569,542.0734198509973,0.06498780467997109,-0.1283977743373877,0.02390908344959183,0.011986546054821504,251.0,0.0,149.49927431059507,252.0,0.0,159.52152878567972,247.0,0.0,157.88824383164007
230,8.758190409063618e-05,81.7829938731578,474.0,0.03959451231398715,1.3835899498722626,0.01494150066181755,0.007689729219749614,255.0,0.0,121.420523138833,255.0,0.0,124.37424547283702,255.0,0.0,122.89034205231388
231,8.07076165365773e-05,95.83966756513927,292.6433513027853,0.034314425312036774,-0.07572792986847995,0.011584427063408623,0.008909296367314135,255.0,0.0,124.18331503841932,254.0,0.0,118.48188803512623,249.0,0.0,105.72667398463227
232,6.669799253400162e-05,143.0660469667319,284.85371819960864,0.038974894301188216,-0.22182143665763376,0.01510777242780258,0.006756006669289873,154.0,0.0,37.763852242744065,177.0,0.0,48.815303430079155,193.0,0.0,60.02110817941953
233,0.00019513404860730415,106.45128205128205,335.1813823857302,0.055321269983304236,0.15777423368049664,0.020583508832378396,0.01218515933312956,250.0,0.0,140.68331084120558,255.0,0.0,160.6927575348628,254.0,0.0,167.1178587494377
234,0.00011090227199554477,105.43732836406434,891.7996273048254,0.04261594024529079,-1.4290804039746214,0.015045719888233642,0.009682896184046517,255.0,0.0,108.20492454328833,239.0,0.0,92.03018268467038,229.0,0.0,86.05083399523431
235,0.0004947311631468575,113.38019963063934,953.0958065840002,0.08617972811170155,-0.4479657403803282,0.029834204134977473,0.021231165775142818,255.0,0.0,143.0733298078618,255.0,0.0,157.24149479992948,255.0,0.0,163.579058699101
236,0.00038543869266713653,110.40522820483876,242.7457482033337,0.07753261646008362,0.6941944069278042,0.028019315859557786,0.017624396716715285,255.0,0.0,164.1951440889494,255.0,0.0,167.20104379396415,250.0,0.0,158.33900612661674
237,9.584845241513736e-05,106.2392570736874,504.6381827810561,0.03937978604220013,1.2820063181385302,0.01377888638116875,0.009124306201295444,249.0,0.0,112.11202938475665,255.0,0.0,130.41689623507804,255.0,0.0,135.9467401285583
238,0.00019452493452023565,124.77176992469992,1175.5966413181243,0.054987953666221334,-0.26921445572293196,0.017585746153538785,0.014334478716833035,120.0,0.0,37.9851083032491,146.0,0.0,56.42373646209386,170.0,0.0,78.23194945848375
239,0.00015667284482383552,134.6082569656577,492.6421364435805,0.05688873561722304,1.3269419329209335,0.020901844527009075,0.010673832702983745,255.0,0.0,126.11923509561305,250.0,0.0,122.69460067491563,231.0,0.0,115.23228346456693
240,0.00014127096005081753,144.45567703521198,782.7104250076994,0.054600429035252314,-1.2723720983294753,0.02017686707526886,0.009602009195324654,149.0,0.0,38.13495024875622,171.0,0.0,52.417910447761194,192.0,0.0,67.6610696517413
241,0.00024255793110049511,145.04811659192825,871.2074289985052,0.061376406247192546,-1.1915780348361087,0.022595670469559407,0.013706057805252463,255.0,0.0,178.55262206148282,253.0,0.0,168.45822784810127,246.0,0.0,146.92296564195297
242,3.554615779535507e-05,143.44288045695635,107.17095063239493,0.02486261688715692,1.3605806291698332,0.009680432415188784,0.004813674836781316,182.0,0.0,78.1925,211.0,0.0,93.7525,220.0,0.0,98.3375
243,6.173806353930091e-05,155.46147521728918,822.1407094197792,0.033450433516126886,-0.5291702242217475,0.012022394631976532,0.006752845657621066,120.0,0.0,27.45042492917847,134.0,0.0,29.98583569405099,145.0,0.0,29.910764872521245
244,0.0004104123702369454,150.63845012191243,1015.4796989292907,0.07805101153762956,-1.042661465626795,0.027355519069235404,0.01921144019266001,255.0,0.0,144.133219470538,255.0,0.0,171.99487617421008,255.0,0.0,184.9124679760888
245,0.00030834225250389396,150.2659799633131,411.73651286392925,0.0684683326661727,1.123004339046047,0.02413681082345561,0.016332326112892724,255.0,20.0,206.2512036250354,255.0,2.0,201.47748513169074,243.0,1.0,179.80572075899178
246,0.0003469774888836679,151.01002089864159,1221.899947753396,0.07124538681436539,-0.8153595851183131,0.024413168074406404,0.018107006817355404,255.0,0.0,166.14336016096578,255.0,0.0,164.52489939637826,255.0,0.0,154.12097585513078
247,0.0002306366982535829,155.11125259385022,55.44361126831416,0.06054206196260663,-1.1796637511184067,0.022512261649044064,0.013058421715188605,255.0,0.0,216.46463878326998,255.0,0.0,197.85817490494296,244.0,0.0,180.6973384030418
248,9.37600612594739e-05,163.4639984532096,724.6593580819799,0.04231227143953186,-0.7481097174869282,0.013725920396955405,0.009744486284209713,139.0,7.0,65.97460018814675,139.0,12.0,61.22577610536218,140.0,9.0,51.220131702728125
249,0.00011412187502719259,174.02125428898208,789.353825136612,0.042228415614321814,-1.3646013396463668,0.01389567903141563,0.010643067894339978,206.0,4.0,94.34973097617218,203.0,6.0,91.02305918524212,188.0,4.0,83.52574942352037
250,0.0001464049216418235,185.55715700842,906.549925705795,0.052699647084250636,0.666028946877424,0.018765275789903155,0.01052916637423738,106.0,0.0,39.69711538461539,118.0,0.0,48.13762019230769,130.0,0.0,51.81670673076923
251,0.0003877011164191053,178.7987599596005,489.68234953054275,0.07596515082616477,1.2185471448312861,0.026676759367571953,0.01859747526768165,255.0,0.0,139.77747686752426,255.0,0.0,154.60324983073798,255.0,0.0,157.53893026404876
252,0.00011951688551265653,176.55624317437204,952.192937750273,0.045291771458230455,-1.0161625936737828,0.01603857303628667,0.009786610264739476,220.0,0.0,100.49305047549379,201.0,0.0,88.3145574250183,175.0,0.0,66.08632040965618
253,0.00037473568799436136,186.48219745346182,256.10739579705097,0.07495800818239688,0.5975350996876325,0.02710487580129108,0.017685729374987882,255.0,0.0,160.19062062529164,255.0,0.0,167.79048063462434,255.0,0.0,163.4223051796547
254,0.00019678735827220438,186.36272017097795,1059.8634939936621,0.06471378338553613,-1.4936104347911878,0.019015433810241608,0.014879816005397088,233.0,0.0,75.54318788958147,232.0,0.0,69.32947462154942,230.0,0.0,69.68788958147819
255,0.00012151826037016733,184.70933285594938,745.9419381787803,0.04199632223249187,-0.7184111622447367,0.014873861662558075,0.01042613206292373,224.0,0.0,73.08248914616497,235.0,1.0,83.76628075253257,247.0,3.0,93.09189580318379
256,0.00015162589953098216,206.90279770444764,413.64000478240075,0.049880665023452904,-0.6301201074779356,0.018115998689800912,0.010907361360097099,255.0,0.0,89.57891705069125,255.0,0.0,100.6307603686636,255.0,0.0,108.91244239631337
257,0.0002915481069604337,198.38570113913346,855.6275555887181,0.07041104252977945,1.4939664879748824,0.0237596090950538,0.016249679452737004,231.0,0.0,118.36235364755329,232.0,0.0,122.99879915941159,214.0,0.0,115.63224256979886
258,0.00023211597532217783,200.42960012496096,127.81326148078725,0.06442748168982015,-1.4254853269890757,0.0236500165215444,0.012954371808200112,255.0,0.0,134.04285714285714,255.0,0.0,139.5906015037594,247.0,0.0,135.6654135338346
259,8.122971432549317e-05,203.1546598821639,773.380690948045,0.04168037302545189,-1.2837621325341997,0.015959432408748416,0.007278134711231859,218.0,0.0,104.30558598028477,250.0,0.0,128.9408543263965,249.0,0.0,136.5498357064622
260,5.260135223327329e-05,202.59312103666943,961.5917424869037,0.029493438364984373,-0.7201635722529844,0.010460438982430095,0.006592891055380494,101.0,0.0,19.47986577181208,123.0,0.0,28.100671140939596,137.0,0.0,33.466442953020135
261,0.00011142436978446063,206.7014512560198,332.29210594819733,0.04457093051017858,1.2862578251743315,0.015122422352102356,0.009847668668397749,234.0,0.0,72.20957613814757,212.0,0.0,65.23155416012558,197.0,0.0,59.34615384615385
262,5.033892848130455e-05,205.59564966868336,1136.268078363584,0.028933115374833458,-1.0799643511765342,0.01013058129787211,0.006634946010512487,166.0,0.0,54.49912434325744,173.0,0.0,63.91943957968476,181.0,2.0,74.88966725043782
263,7.332020193347792e-05,252.63994050247015,1118.4249259887433,0.03537026314462285,0.3352363076237899,0.013182140144639892,0.007687206062090071,158.0,0.0,44.20693779904306,163.0,1.0,48.81578947368421,161.0,1.0,49.27272727272727
264,0.00016433027906126817,217.91269526078898,1092.2921851557674,0.05278858961822253,1.3383481819546343,0.021047864219040754,0.009970119928620583,255.0,12.0,140.04973262032087,255.0,17.0,138.47326203208556,251.0,6.0,128.6812834224599
265,0.00020618511847268994,223.83120559893086,462.59662727720337,0.05818217995670692,1.2551727372471706,0.022206206371924306,0.011848358906531504,255.0,0.0,168.90882103477523,255.0,0.0,177.73070398642918,255.0,0.0,174.44741306191688
266,9.193271899826838e-05,244.25362833254457,112.12285060735131,0.045363346882159455,-0.5484150340046199,0.01800876824708304,0.00747413356959337,237.0,0.0,138.0028735632184,241.0,0.0,140.68486590038313,233.0,0.0,138.00095785440612
267,0.00012647818936486804,239.19974773535145,44.06696479761495,0.046168043655421376,0.9174835845620425,0.016126919497119547,0.010386939354722007,227.0,0.0,68.33263743910925,246.0,0.0,76.26304801670146,253.0,0.0,80.02713987473904
268,0.00019687437457035703,246.68596685082872,936.4655985267035,0.05516075202540328,-0.5272030403583347,0.019723780895595577,0.012871385458235672,207.0,0.0,118.37946428571429,210.0,0.0,119.075,207.0,0.0,110.86919642857143
269,0.00014509967716953384,247.24500249875064,340.22736131934033,0.052223179919309706,-0.8017336429087081,0.020215671991445486,0.009623260305295695,208.0,0.0,74.34782608695652,227.0,0.0,81.2409420289855,231.0,0.0,85.88888888888889
270,0.00027049016280749385,291.5208031740925,47.85266205565385,0.07103066054257837,-0.6173099576258048,0.024483437976704773,0.015299996674155,227.0,0.0,80.62269641125121,231.0,0.0,98.12803103782736,242.0,0.0,124.55900420303912
271,0.00036586002558279166,267.4113945375986,471.5105541681532,0.08328917062697487,-1.3563378358858447,0.03174503550159457,0.015482120929236825,237.0,0.0,85.02449464922711,247.0,0.0,106.33935790725327,255.0,0.0,126.55338882282996
272,9.776281097449553e-05,278.4557929090639,735.239652870494,0.045822446937057414,0.676865557842884,0.01745832868114274,0.008081710851166313,194.0,0.0,61.88719785138765,192.0,0.0,56.91674127126231,193.0,0.0,51.436884512085946
273,7.679188311970832e-05,284.939896128423,562.4666194523135,0.03588189094595559,0.7523083823083018,0.013280563488928141,0.007448731331988961,221.0,0.0,86.61156069364162,206.0,0.0,78.957225433526,207.0,0.0,74.94797687861272
274,6.730710662107012e-05,286.99326653738416,1091.030112044818,0.03952293689005817,-1.1861152245111284,0.01523560842261773,0.006574133183450364,201.0,0.0,54.55570117955439,198.0,0.0,50.7562254259502,189.0,0.0,45.1651376146789
275,4.337762462909303e-05,283.4139919759278,650.1931628217988,0.027234779294337628,-0.498391092354911,0.009479841231209542,0.006118537883102022,111.0,0.0,43.25051334702259,112.0,0.0,42.40246406570842,111.0,0.0,37.285420944558524
276,6.582782955247518e-05,294.31212822207533,831.4856245869134,0.03567944507544963,-1.0565167280095284,0.01357790162665835,0.0065620181529564645,167.0,0.0,58.146082337317395,164.0,0.0,63.36254980079681,150.0,0.0,64.68791500664011
277,0.00010489814742301233,292.973800635974,940.2469929489838,0.041465646753664924,-0.27322637083247076,0.013799122039224768,0.00992667538985595,126.0,0.0,21.24750830564784,141.0,0.0,28.437707641196013,146.0,0.0,33.86794019933555
278,3.093429399326494e-05,303.735935302391,960.9729254571026,0.02581046450827681,-0.36625847802120914,0.009635403317317288,0.004547144814998568,168.0,0.0,44.24857142857143,159.0,0.0,44.645714285714284,142.0,0.0,37.151428571428575
279,0.00015040767135684514,303.9988911387523,197.02752868575837,0.05731818816079702,-1.2529549776245956,0.016722454334546152,0.012754651201912229,141.0,0.0,56.040092969203954,148.0,0.0,58.27832655432888,166.0,0.0,66.0912260313771
280,0.00012787045013531035,303.8193263014631,431.979925144607,0.04710361087526025,0.981209736765253,0.01568140856632376,0.010774930611356327,157.0,0.0,27.89336978810663,181.0,0.0,40.82091592617908,201.0,0.0,54.13738892686261
281,0.00014405548159170212,302.34732709151314,1207.6712473572939,0.05060150597150482,1.3449928256283976,0.016321539797414276,0.011934803095823345,153.0,0.0,52.70670731707317,165.0,0.0,60.19146341463415,182.0,0.0,69.34573170731707
282,4.5901097275519704e-05,301.91579778830965,1239.081990521327,0.03188296788220808,0.118156339867582,0.009986349844247953,0.007148178985739588,51.0,0.0,6.422348484848484,60.0,0.0,11.117424242424242,78.0,0.0,17.390151515151516
283,0.00022393644329582932,305.55972734926496,262.6097564924552,0.06403995705885113,-1.4372402035855096,0.025915238654691912,0.011086229026790703,217.0,0.0,97.26935105551212,225.0,0.0,108.29749804534792,237.0,0.0,112.79945269741987
284,0.0002732746843483785,321.458817598047,989.0992941675954,0.066251601508131,-0.4351008798229672,0.0221579871159962,0.015961154281091496,241.0,0.0,115.52452229299364,252.0,0.0,131.64936305732485,255.0,0.0,138.54171974522293
285,8.34921380774619e-05,329.46612819176653,354.150251867292,0.042097545167744846,0.14150712317172248,0.01597716473926444,0.007265802580844004,236.0,0.0,98.60570824524314,253.0,0.0,99.01797040169133,245.0,0.0,95.4661733615222
286,0.0001906962174015193,315.47016883413187,479.3344170659366,0.05435605525214136,-0.9327206893100337,0.018799505683619544,0.013096052409698794,197.0,0.0,95.53990825688074,226.0,0.0,114.98715596330275,222.0,0.0,115.87155963302752
287,9.680563169481644e-05,330.695468164794,325.18610486891384,0.03799739916874431,-0.08497185000439514,0.013545892960568769,0.009201482841523756,183.0,0.0,77.01469237832875,200.0,0.0,87.6317722681359,215.0,0.0,96.84573002754821
288,0.0002961599707625238,324.0228808579404,786.5240806033005,0.06467185547293111,-1.5559824286167558,0.02159891240755356,0.017505287378741487,251.0,0.0,107.58650162098438,255.0,0.0,127.43707633362806,255.0,0.0,138.10315355142941
289,5.007787958684662e-05,329.99109470026065,300.94924703156676,0.028617166167793452,4.862425176767798e-05,0.01016610539655251,0.006454530677340575,254.0,0.0,85.92146596858639,247.0,0.0,87.34205933682374,228.0,0.0,84.66492146596859
290,0.00016902915916151094,364.52417417417416,724.0450664950665,0.058140252044101934,-0.19410735791188757,0.02234693769611885,0.010638283265853301,238.0,0.0,93.23544698544698,240.0,0.0,95.9095634095634,241.0,0.0,93.25883575883576
291,0.00023072371455173555,352.71643409390913,553.109356339179,0.057204684824263045,-0.5552538505403242,0.018947390165212043,0.015531629564185759,255.0,0.0,162.74866514111366,255.0,0.0,164.4515636918383,245.0,0.0,147.5099160945843
292,0.00043486395001783834,384.10542771385695,496.97793063198264,0.08461226247778272,-0.06836526575448183,0.029369961716411725,0.019219384590765085,254.0,0.0,88.47532102728732,255.0,0.0,91.35333065810593,255.0,0.0,109.73675762439808
293,0.0002023564013539736,384.36010177022865,313.42600157672183,0.058903020904758796,0.1125195560763502,0.02181126474088867,0.012100107466110725,238.0,0.0,85.05442764578834,239.0,0.0,88.66133909287257,244.0,0.0,90.78574514038877
294,0.00037177713385717144,380.7385508094402,784.801336063975,0.08186485584091407,1.2329512360317956,0.03270096622152834,0.014539670914192084,255.0,0.0,149.30819826168664,255.0,0.0,141.89711064129668,251.0,0.0,120.35776368334508
295,0.0004102383376406401,388.3439742637961,374.00024746349914,0.07727596227569154,0.25241842610120346,0.02482814695312767,0.021278558023610183,251.0,0.0,134.04104636324968,255.0,0.0,154.79413015737984,255.0,0.0,169.47830710336027
296,6.556678065801725e-05,404.52344614023446,750.8207255032072,0.03693096150232847,0.9602543128890669,0.013621941424983902,0.006722630098712325,89.0,0.0,9.547493403693931,88.0,0.0,14.54353562005277,86.0,0.0,20.941952506596305
297,8.236092620147754e-05,410.0443299876739,901.9177231907026,0.037103759861510446,-0.2248222141590964,0.013356342620643735,0.008207564521355421,118.0,0.0,17.92071881606765,124.0,0.0,29.788583509513742,120.0,0.0,42.00739957716702
298,0.0002744929125225155,404.66380039097584,560.3518122259206,0.06432625875456717,-1.522315782042702,0.022690942452442325,0.015473623508546827,255.0,0.0,163.53369357914812,244.0,0.0,133.8467895740623,247.0,0.0,138.66338207247298
299,5.477675968708939e-05,512.3846968493514,470.7025416997617,0.03129299738073314,-0.4277025958689749,0.010854658412375293,0.00667327292390165,121.0,0.0,37.99683544303797,142.0,0.0,46.1503164556962,162.0,0.0,51.34018987341772
300,0.00012378068412213607,415.4698886936145,79.91599297012303,0.04901667322754302,-0.8807113791866704,0.0188198575311516,0.008607928953355411,221.0,0.0,63.07920792079208,247.0,0.0,78.86138613861387,248.0,0.0,84.36421499292787
301,0.000232812105707399,456.9813897713823,260.7663832305488,0.06308702272896936,-0.9376531050175205,0.02490536827638823,0.011937560438192604,255.0,0.0,198.5015037593985,255.0,0.0,183.7875939849624,234.0,0.0,151.31466165413534
302,0.00011577518469209283,428.5734373042716,347.7018977827884,0.04786637973591719,0.7921261669644089,0.017277445454017996,0.009482995086501165,184.0,0.0,74.66666666666667,199.0,0.0,85.46865443425077,215.0,0.0,92.82492354740062
303,6.852533479520714e-05,437.16338624338624,186.58793650793652,0.03428477780071281,-1.0649371996483836,0.010809276510502962,0.008661899008217325,123.0,0.0,35.860677083333336,152.0,0.0,48.552083333333336,184.0,0.0,61.709635416666664
304,4.946876549977811e-05,439.4193784813838,786.6643213133979,0.030517948118795206,-1.4773058512114792,0.01252108009637797,0.005226985492714837,112.0,0.0,40.18545454545455,122.0,0.0,45.267272727272726,131.0,0.0,49.22545454545455
305,0.00024856205567302757,466.1035212089387,196.13406558142248,0.06884357689586064,-1.1193625864175951,0.026159230040365564,0.012427173650234156,210.0,0.0,98.02455278849527,237.0,0.0,119.68116450368292,255.0,0.0,143.1157488600491
306,0.00017642554450448568,456.03099054665023,1161.5607891491986,0.059004243840011794,1.5006411889670295,0.023286548921855443,0.00996378710374825,205.0,0.0,81.18077689243027,206.0,0.0,83.65338645418326,207.0,0.0,81.55527888446215
307,0.00023350823609262015,463.4324576113285,321.29339792559466,0.06091730619229455,-1.3813017719002347,0.02274197943068652,0.01314075136398833,255.0,0.0,177.787265917603,255.0,0.0,180.61498127340823,250.0,0.0,170.63520599250936
308,0.00023968639326145787,467.9380256549888,518.983617716464,0.06005331439638468,1.0600620794068185,0.020589286405379326,0.014926509251295643,252.0,0.0,147.81648351648352,253.0,0.0,148.22747252747251,250.0,0.0,139.35201465201465
309,7.9315355766135e-05,515.049140610715,590.3285335527519,0.04054235993510706,0.7617387229039909,0.015600963205051166,0.007165368260175688,120.0,0.0,52.44260485651214,128.0,0.0,53.04415011037528,130.0,0.0,48.06622516556291
310,0.0002522167401954386,480.2997383704215,936.4222730147777,0.06284264894585838,-0.9427739834422212,0.02368286369756847,0.013592721834583597,255.0,0.0,163.87443635102323,255.0,0.0,156.91710024280263,245.0,0.0,137.6364897676032
311,0.00019609122788698323,528.6404481917018,1040.2694327342651,0.061262902910658515,-0.19778164474773502,0.02276862909522716,0.012016743018290652,255.0,1.0,157.40927510130572,255.0,0.0,145.20711391265195,249.0,0.0,129.61548851868528
312,0.00011882075512743537,484.4567923837422,365.00189185890395,0.05245527330113963,-0.5523513079960599,0.018791750850025355,0.009945798969172784,196.0,0.0,71.96165191740413,208.0,0.0,86.98230088495575,223.0,0.0,97.00884955752213
313,0.00015615074703491963,491.2250626915575,128.5325763908238,0.05366486181541348,-1.027284534287566,0.019376100315312377,0.010626461656328584,235.0,0.0,110.02566964285714,228.0,0.0,107.77176339285714,229.0,0.0,103.67075892857143
314,0.0002824984119525587,497.079175008984,407.43899840854255,0.06688858663097282,-1.4129556170989424,0.02527257325843059,0.014288247805752018,255.0,0.0,214.26598386095594,255.0,0.0,205.50527622594663,251.0,0.0,191.08721291123527
315,0.00026022223962548184,520.5127347712199,86.15290085270021,0.065637070204094,0.04802231645614747,0.024084158742126584,0.014029781789708226,203.0,0.0,116.75429726996967,213.0,0.0,122.46376811594203,221.0,0.0,121.75261206606
316,8.984432784260491e-05,513.0665859564165,149.45746569814366,0.03703218443758147,-1.004584350221174,0.012608500719372504,0.009338813912177866,129.0,0.0,35.31207065750736,147.0,0.0,42.712463199214916,171.0,0.0,51.996074582924436
317,0.0003626404225511438,515.7899820035993,212.04387122575486,0.07652547381631575,-1.056602454539892,0.027531050522718117,0.016899502779647184,219.0,0.0,81.28647087144921,234.0,0.0,89.75300914780934,250.0,0.0,105.43813192103997
318,0.00015632477963122492,519.4904443825958,525.7461267278968,0.049969607557424876,-0.3179010905060419,0.017803042541877742,0.011437988902168912,232.0,0.0,95.4116985376828,239.0,0.0,104.08323959505061,249.0,0.0,110.62710911136108
319,6.539274806171195e-05,542.3789642936349,239.71307385229542,0.036328710599572496,-1.2813600845445974,0.013851363392522869,0.006708910257961506,172.0,0.0,53.69553450608931,170.0,0.0,47.60487144790257,175.0,0.0,39.44248985115021
320,0.00022619886704779805,547.4323267294992,569.3970314804129,0.061346758735868534,1.1849698327230969,0.018898903927551215,0.015717190141523025,255.0,0.0,151.43308908600076,255.0,0.0,148.421133821828,241.0,0.0,129.94755109911299
321,0.00014153200894527544,545.7592222563787,133.36507326570344,0.04688888460347326,1.3376221201776695,0.014735164439527815,0.01245712528805264,158.0,0.0,54.762638717632555,171.0,0.0,67.31750924784217,194.0,0.0,83.49383477188655
322,3.7373500056560595e-05,558.534924330617,291.5442374854482,0.028444367808611478,-1.098911434972668,0.010667017056291974,0.004877673852955186,180.0,0.0,62.419953596287705,194.0,2.0,66.04872389791183,202.0,0.0,61.385150812064964
323,5.53858737741579e-05,558.9825216025138,167.33392249279916,0.03067337936793422,-1.0988073129710232,0.01165089412826366,0.0060930391006480105,231.0,0.0,50.10828025477707,235.0,0.0,56.047770700636946,237.0,0.0,63.35668789808917
324,9.724071318557965e-05,559.1324757643549,804.9478374347502,0.0433490615946237,-1.2511146262903283,0.014526121066183747,0.00949664478673247,210.0,0.0,80.62882882882883,212.0,0.0,79.88198198198198,207.0,0.0,72.58108108108108
325,0.00010568129410638613,568.6110196239879,1114.3209139563608,0.04887352237968502,1.2483906301297696,0.01928094151074827,0.007894672932010986,140.0,0.0,57.562139917695475,149.0,0.0,60.28230452674897,156.0,0.0,60.31687242798354
326,0.00014388144899539682,575.9055286765447,961.0793014817054,0.047217114211794274,0.5740481150790517,0.014226360426454086,0.013376575762032418,130.0,0.0,56.79034229828851,140.0,0.0,62.60146699266504,167.0,0.0,81.89853300733496
327,0.00012099616258125147,604.0189380318831,31.99658396260338,0.05629876511574815,0.01115469450769327,0.022208214826762572,0.00904634179001736,188.0,0.0,67.71802325581395,223.0,0.0,85.90625,251.0,0.0,109.32776162790698
328,8.088164913288259e-05,599.4464766003227,1040.725748610364,0.04032763366332005,-1.3061513596913246,0.013866399936575922,0.00805830883492958,83.0,0.0,31.770474137931036,104.0,0.0,44.92995689655172,131.0,2.0,58.463362068965516
329,0.00017277085998207463,601.9637790648871,1099.5270292957273,0.054570781523928344,0.8974130030294947,0.019015259785042284,0.012206657250852708,172.0,0.0,61.5387734414597,181.0,0.0,69.59249873289407,188.0,0.0,75.48048656867714
330,4.894666771086224e-05,604.7705925925926,698.7867407407407,0.03303326137383393,1.2708562993144386,0.012668933903712543,0.005493739570799651,142.0,0.0,40.266304347826086,156.0,0.0,49.97826086956522,170.0,0.0,55.79710144927536
331,0.00029659505225328707,640.6887071536844,270.9846340032272,0.07203780318634624,0.02798181856807351,0.024536608497486945,0.016509523806387764,255.0,0.0,136.37944199706314,255.0,0.0,131.08575624082232,255.0,0.0,129.39324522760646
332,7.861922538091384e-05,618.4156520937097,1182.0759546209185,0.04007097947892804,1.3654223892849762,0.014826259104104584,0.007570953968713852,154.0,0.0,27.699666295884317,159.0,1.0,38.61512791991101,163.0,3.0,46.354838709677416
333,6.295629171343792e-05,632.2834024418337,389.48773324118866,0.03460072700775276,-0.5020304314777109,0.013476326277615375,0.006154874695172192,141.0,0.0,45.322625698324025,165.0,0.0,49.15642458100559,189.0,0.0,50.30865921787709
334,0.00031008257846694686,647.0051564473131,418.82810673027456,0.08172170499305607,-0.6208735219113084,0.030626632414360155,0.013459628812445524,174.0,0.0,57.23107233323952,195.0,0.0,73.02139037433155,221.0,0.0,89.17703349282297
335,5.555990637046319e-05,651.8087966588358,459.0771339075959,0.033450433516126914,0.5923612662495341,0.01149582841411311,0.007044743697009051,252.0,0.0,126.1091492776886,234.0,0.0,110.99036918138042,234.0,0.0,97.0
336,0.00011481800541241375,650.2544524441076,46.27270430718706,0.04620997156802639,-0.6070286345698397,0.016402508780801666,0.00941619733569355,255.0,0.0,124.8234398782344,249.0,0.0,120.52739726027397,249.0,0.0,117.1986301369863
337,0.0004417382375718972,673.6723382251552,680.3676992022063,0.09582170200580634,0.24059826379591148,0.03801307568656982,0.016130672825930947,224.0,0.0,101.46255942947703,224.0,0.0,102.01822503961965,223.0,0.0,102.91303486529318
338,9.384707755762654e-05,704.0519239684747,748.6237830319889,0.04323555825808967,1.5485710323930597,0.01677112346268918,0.007845319011515492,141.0,5.0,75.54847645429363,142.0,7.0,78.15697137580794,145.0,7.0,78.1708217913204
339,0.00014562177495844973,674.6219251070611,132.66614381037746,0.05602474382131313,-1.209270647737826,0.021423546165774784,0.009802939856492231,161.0,0.0,33.09739866908651,190.0,0.0,40.33635813672111,206.0,0.0,48.686025408348456
340,0.00016580955612986313,684.261436193475,437.68529694743285,0.05345013554362645,-1.2974879451746437,0.020745958111550347,0.010318566451380051,255.0,0.0,206.83870967741936,255.0,0.0,206.10946589106294,255.0,0.0,202.24484399788471
341,0.00015267009510881388,690.0390187137835,537.5760188087775,0.055375478297190285,-0.7072247446388704,0.017689911925806354,0.011889942686830524,239.0,0.0,79.44603083952028,227.0,0.0,62.51684751570531,239.0,0.0,71.58994860079954
342,9.811087616710609e-05,689.3053954175905,484.66526237989655,0.041650725514127906,0.629727631150916,0.012976570013342022,0.009949974502145046,154.0,0.0,56.994623655913976,186.0,0.0,78.834229390681,201.0,0.0,90.14874551971326
343,5.53858737741579e-05,684.8143493061011,864.9209217072532,0.0318236728595601,1.4540669603702316,0.010793159258424804,0.0069714012789044945,164.0,3.0,70.9776,164.0,5.0,69.1072,191.0,6.0,77.7664
344,0.0001147309891142611,699.5681013778284,606.7548666413854,0.058384625827212856,-1.4185469074587,0.021304626393504375,0.008786490877442753,174.0,0.0,56.48450491307634,159.0,0.0,63.746787603930464,169.0,0.0,67.56991685563113
345,4.8772635114556954e-05,721.7705917335712,1084.2756467439785,0.03261608923154102,1.0354962106758163,0.012596431604218942,0.005662575966764581,117.0,0.0,41.217311233885816,126.0,1.0,44.156537753222835,125.0,1.0,43.14732965009208
346,6.208612873191148e-05,708.1382270497547,220.52622050922682,0.03431442531203679,-0.4273188676213807,0.013445125988442955,0.006158571961014483,190.0,0.0,33.41726618705036,212.0,0.0,42.63884892086331,226.0,0.0,53.46906474820144
347,0.00018399596244376572,715.9074052179396,356.67157326397097,0.05557792416769626,-0.6229639316001906,0.021175963014772755,0.011386660086945184,215.0,0.0,132.26238095238097,220.0,0.0,139.38,215.0,0.0,137.56428571428572
348,0.00016667971911138956,712.8352692943531,71.65167928304186,0.05386730768591941,-1.261887248784705,0.019189846224787126,0.011494978566182893,192.0,0.0,61.57344485101934,231.0,0.0,84.00888656560376,255.0,0.0,107.01359121798222
349,0.0001798191801324388,736.2381643680942,840.1727155415759,0.05536319789590927,-0.5147763387768051,0.018069535122879288,0.013106652123180833,149.0,0.0,48.29956161714564,159.0,0.0,56.761811982464685,161.0,0.0,60.89332683877253
350,0.0001271743197500892,741.4220264568365,796.0190728703387,0.047967602671170145,0.16773342247260425,0.016082777055879734,0.011101854941985354,152.0,0.0,52.58958333333333,164.0,0.0,60.2625,181.0,0.0,68.82152777777777
351,0.00012926271090575264,751.4354594412656,880.5715527880624,0.05327733718444448,0.3572772320575554,0.020184768053876274,0.009267125796643877,149.0,0.0,42.302231237322516,158.0,0.0,48.47126436781609,165.0,0.0,53.24002704530088
352,0.00014570879125660235,742.672016522345,110.58925549915398,0.04717518629918926,0.6571607380585046,0.015915229898173927,0.011823870245516994,244.0,0.0,122.79698795180722,254.0,0.0,128.05481927710844,254.0,0.0,128.89277108433734
353,0.0001523220299162033,752.0876416262021,1086.1773302865847,0.04966593875166592,-1.254526865441921,0.015051357754636025,0.013438632363297757,127.0,0.0,40.257323377369325,127.0,0.0,36.350947731188974,135.0,0.0,36.02929350947731
354,8.975731154445228e-05,752.9190499272903,258.0421715947649,0.038557722158895275,1.3444018110096931,0.01391398292734352,0.008401803806027331,180.0,0.0,63.86796116504854,192.0,0.0,71.79223300970874,204.0,0.0,80.10194174757281
355,0.00017581643041741717,758.8491916192362,166.60218180318404,0.0547016519705053,-1.463227104866155,0.019574919007197045,0.01186600430511343,250.0,0.0,126.49776896380763,255.0,0.0,134.17798710956868,255.0,0.0,140.7922657411998
356,4.920771660532017e-05,767.0535661656352,339.55916592985557,0.030041480953854283,-0.1773018593541066,0.01159226665582139,0.005623270285637745,224.0,0.0,84.1847246891652,230.0,0.0,97.47957371225577,230.0,0.0,107.2753108348135
357,0.00010759565266574429,765.6664981803477,459.80708316484703,0.04414147796660459,-0.2630650239549812,0.014310759204434004,0.010478678949940019,159.0,0.0,64.47682119205298,189.0,0.0,74.0206953642384,200.0,0.0,79.91225165562913
358,7.766204610123476e-05,770.7028011204482,206.39673202614378,0.03709147946022943,-0.8705485441339638,0.012351180545836131,0.008523500915098067,188.0,0.0,43.970488081725314,198.0,0.0,52.17480136208854,208.0,0.0,55.148694665153236
359,0.00011612324988470341,797.2603659298114,266.77460347196205,0.04737763216969522,0.21155515771433847,0.016314357453833184,0.010180647501974945,161.0,0.0,79.71915215745648,179.0,0.0,103.38455715367147,206.0,0.0,122.11506434519303
360,0.00018068934311396524,792.5025684244322,591.2184766032586,0.05874250294685785,0.6308887609114753,0.021296223614927955,0.011248492448741534,153.0,0.0,50.51396917148362,176.0,0.0,69.67389210019267,194.0,0.0,88.46965317919076
361,8.784295298509411e-05,792.2757965989764,502.1922568928512,0.03965380733663513,1.1156267793370496,0.01342651356570829,0.008745177794121537,218.0,0.0,60.924698795180724,217.0,0.0,72.24899598393574,215.0,0.0,83.42369477911646
362,9.689264799296908e-05,793.4166292471187,151.61839544978298,0.048283551878210124,-0.9979270416942803,0.017888781597221178,0.008299498597365191,254.0,0.0,108.50767841011744,255.0,0.0,108.57633242999097,255.0,0.0,107.096657633243
363,0.00014214112303234395,810.9073818998062,438.7653555759616,0.048355127302139075,-0.9646805480182166,0.017029766884381094,0.01101545090484856,142.0,0.0,65.62414860681115,151.0,1.0,70.6922600619195,151.0,1.0,75.11950464396284
364,0.00010420201703779118,838.3479819067502,290.90796798886566,0.0415791500901989,0.6048170848061198,0.014765028601880012,0.00909617204844812,188.0,0.0,37.99333333333333,202.0,0.0,50.22,221.0,0.0,62.74666666666667
365,8.471036625159892e-05,843.7845403184386,756.2700736175312,0.04238384686346083,0.47651286462845693,0.01708833112170926,0.0069157347825860045,208.0,0.0,60.27863777089783,218.0,0.0,66.42208462332302,220.0,0.0,69.10216718266254
366,0.0001938288041350145,835.0349607182941,579.2662738496072,0.05710346188901006,0.7572547569763881,0.017998398220164677,0.014047974822385565,250.0,0.0,85.00902119981957,255.0,0.0,84.25033829499323,222.0,0.0,79.42715381145692
367,0.00014170604154158074,840.8768293931021,831.7819568109712,0.05318839465047256,0.6475029100631635,0.01897617341662241,0.010509679194826855,234.0,0.0,120.99440646364201,236.0,0.0,123.11435674331884,223.0,0.0,118.1205717837166
368,0.00016206785530929944,865.7996868008948,1058.9161073825503,0.0566862897467171,-1.3079171553800009,0.019686865651931087,0.011551549639441593,235.0,0.0,64.92349137931035,252.0,0.0,78.46982758620689,236.0,0.0,91.45204741379311
369,6.70460577266122e-05,883.412502703872,482.76389790179536,0.03591153845727958,-0.8390154282127399,0.012691901682924866,0.007160601874668743,161.0,0.0,58.5625,182.0,0.0,62.10239361702128,187.0,0.0,59.73005319148936
370,0.00030155498124798775,890.8338142644159,282.54939162218056,0.06783643425209278,-1.2599928368676658,0.023229524587231286,0.01666871111505096,255.0,0.0,158.22702232531168,255.0,0.0,148.43316903450275,249.0,0.0,138.88924325891563
371,0.00021140609636184857,895.519671400151,652.9137511147699,0.07549377036998574,0.02412502921753219,0.021266973195596662,0.015210669713290981,187.0,0.0,43.52970297029703,203.0,0.0,52.35891089108911,226.0,0.0,66.6996699669967
372,0.000544939567180933,893.9185562208916,717.9254357950765,0.08937395440218718,-0.9816581096279551,0.030574483109617103,0.022711606404910625,255.0,0.0,151.04203433338682,255.0,0.0,153.30210171666934,255.0,0.0,149.77988127707363
373,0.0001966133256758991,897.9350151213396,74.56786162130265,0.05540512580851427,-0.7684212036294961,0.020724351156593122,0.012145504822033814,255.0,0.0,160.68538324420678,253.0,0.0,156.77941176470588,252.0,0.0,147.83021390374333
374,0.00015501953515893526,920.8574702965666,475.06249415286743,0.052025820757565615,-1.3111431101901463,0.017394892634658803,0.011969292687612171,143.0,0.0,32.53763440860215,169.0,0.0,46.16694963214488,205.0,0.0,62.338426711941146
375,0.00014962452467347134,907.8164921973441,1052.4576184937482,0.05110253393900777,0.9271638390097705,0.01638467127562183,0.012222924939876381,69.0,0.0,18.848661233993017,80.0,0.0,28.17636786961583,93.0,0.0,38.34633294528521
376,5.3297482618494446e-05,462.372380952381,433.84503401360547,0.03168052201170212,0.6932800538711124,0.01115211436706317,0.00675948932225335,172.0,0.0,64.18394648829431,177.0,0.0,66.15551839464882,181.0,0.0,68.53177257525084
377,8.244794249963019e-05,561.4299472295514,39.519656992084435,0.040297986151996104,-1.4610574032352,0.015324854704823506,0.007324033129066121,142.0,0.0,57.31837606837607,141.0,0.0,56.164529914529915,139.0,0.0,53.43910256410256
378,3.2239538465554596e-05,651.0323886639676,151.3922627080522,0.02750880058877259,1.187688135134398,0.011086975221127051,0.004440599517320212,133.0,0.0,29.852459016393443,167.0,0.0,44.88251366120219,192.0,0.0,57.40163934426229
